x1	x2	rgb
0.467364246967226	-1.367857804239667	(0.8968572209414426, 0.5557653889983871, 1.0)
0.4601244158715552	-1.3631907024025272	(0.8938426573388364, 0.5585398531311375, 1.0)
0.45940391826189353	-1.3816498005443896	(0.8821528069314436, 0.5605426668359027, 1.0)
0.4441570303585094	-1.3717969960538776	(0.875751247612251, 0.5662679302397366, 1.0)
0.4424670242624635	-1.3281667825356025	(0.9003235835153093, 0.5631069921216375, 1.0)
0.48165796651835524	-1.3677952050005036	(0.9082319373631342, 0.5493480301239027, 1.0)
0.48806481056406387	-1.3441968901981853	(0.9267010015716184, 0.5442253900653963, 1.0)
0.47443557005164977	-1.372718180359733	(0.8996170815604129, 0.5530596559318615, 1.0)
0.46585661305862885	-1.3405669707612675	(0.9115415011031335, 0.5539417697669738, 1.0)
0.4537843805554376	-1.3611189623507387	(0.8899977637300431, 0.5611317828114143, 1.0)
0.4577871352604701	-1.3128088865525176	(0.9209159839713157, 0.5550294596138001, 1.0)
0.4448960677131124	-1.3787267148141753	(0.8720906966674357, 0.5665743198717116, 1.0)
0.47531749209518165	-1.3607986213570757	(0.9073054449592632, 0.5515601590367657, 1.0)
0.4720125102764986	-1.3819539408118442	(0.8921682732399876, 0.5549991956320689, 1.0)
0.4664739461795742	-1.3450488549304471	(0.9094575292365671, 0.5540744041732861, 1.0)
0.48277620872745053	-1.3589132437558176	(0.9142500832207173, 0.548012847870359, 1.0)
0.45187939550718714	-1.367984773873834	(0.8843447564290853, 0.5625832724630151, 1.0)
0.4559887343565676	-1.350299898988642	(0.8981488440599447, 0.5591888163604419, 1.0)
0.4545958034816567	-1.3502248783304256	(0.8970872527110456, 0.5597929502449597, 1.0)
0.4718856837265519	-1.3737466004667804	(0.896972934764239, 0.5542952191521531, 1.0)
0.4731952080544415	-1.3262541346738124	(0.9252808287923843, 0.5493461226049062, 1.0)
0.4701159260998731	-1.3737431591071896	(0.895559909686808, 0.5550839027682688, 1.0)
0.4752961297590177	-1.3721164723987491	(0.9006578706029946, 0.5526180273141736, 1.0)
0.4536076855451429	-1.352363525580794	(0.89504470233222, 0.5604183597928832, 1.0)
0.46983963383644867	-1.3816278342406123	(0.8906146712123602, 0.5559359362565708, 1.0)
0.4875923643359113	-1.328011702185293	(0.9353056507915256, 0.5429396516351889, 1.0)
0.4602935946449127	-1.3436057014260931	(0.9054395697054417, 0.5566871621789994, 1.0)
0.45768830777008707	-1.37579454827192	(0.8843216232048783, 0.5607584974354102, 1.0)
0.45096863901568734	-1.358809122453167	(0.8891157072515312, 0.5621508791665002, 1.0)
0.46412039134305194	-1.332289084844846	(0.914894816064947, 0.5539648932272221, 1.0)
0.45696728804255843	-1.3831051267900594	(0.8792774861161518, 0.5617415758847139, 1.0)
0.4518960749930042	-1.3817351418560873	(0.8759744786201076, 0.5638235152926434, 1.0)
0.47190111849040617	-1.3556660992313632	(0.9075936872476036, 0.5526205857451956, 1.0)
0.47308070985784234	-1.3704992528675461	(0.8998500965356016, 0.5534606918920842, 1.0)
0.47691321074909265	-1.3596026790315305	(0.9092551853416224, 0.5507310326061715, 1.0)
0.47336344601247654	-1.3642162861243678	(0.9037690055974378, 0.5527532195653493, 1.0)
0.4649811924591102	-1.340264706384474	(0.911030693454187, 0.5543043514262563, 1.0)
0.4638578161360274	-1.3771269971373237	(0.8885039071135367, 0.558169448182145, 1.0)
0.45490763411822394	-1.3800163294379828	(0.8794901082298003, 0.5623578324855337, 1.0)
0.47635038448116457	-1.3420127906039274	(0.9188823219605201, 0.5493625638276419, 1.0)
0.4582735949008619	-1.3656346784597808	(0.8909055125562257, 0.5595759933399065, 1.0)
0.46938720432449993	-1.3900764856877172	(0.8851248164643225, 0.5569199443287142, 1.0)
0.4766629477480619	-1.376060969439625	(0.8994123424789939, 0.552371095895027, 1.0)
0.4709684067123177	-1.380281299152273	(0.8923334913380213, 0.5553091654714538, 1.0)
0.47424750875725935	-1.3662698905503066	(0.9032659707375124, 0.5525466789362303, 1.0)
0.4580400915233443	-1.377170583368492	(0.8837718557727479, 0.5607301686987466, 1.0)
0.4683752211391071	-1.3785372116974595	(0.89129509071817, 0.5563004605198603, 1.0)
0.44654271908129933	-1.3631570661361319	(0.8829426997607787, 0.5644622014904619, 1.0)
0.4612150457791026	-1.3570621257227484	(0.8983312409988266, 0.557501055443653, 1.0)
0.4562598379393992	-1.3590076290787954	(0.8932348956807418, 0.5598575510748866, 1.0)
0.48080329814886247	-1.37785810064898	(0.9016465804757336, 0.5506744179065215, 1.0)
0.4694248799266754	-1.3811829702940583	(0.890548446455272, 0.5560790218202735, 1.0)
0.45745907925535995	-1.3533412940686769	(0.8975328218776966, 0.5588179223534566, 1.0)
0.46956006942395623	-1.365788999146294	(0.8998284138806449, 0.5545981009392611, 1.0)
0.44870479854836237	-1.3486424878537386	(0.8933310528621916, 0.5622222212011866, 1.0)
0.449249305090968	-1.3702329673464722	(0.8808524141081716, 0.5639283602233058, 1.0)
0.4586381835074003	-1.3515696880417785	(0.8995063666296598, 0.5581386742789246, 1.0)
0.44727527207822215	-1.3692631978802468	(0.8798383245871049, 0.5646951130089659, 1.0)
0.464126215902558	-1.3935468447051593	(0.8787035585139853, 0.5595644638195213, 1.0)
0.45763145265758126	-1.3617362250845442	(0.8927125443092924, 0.5595034334351856, 1.0)
0.458050083947746	-1.3484923858362856	(0.9008371492303429, 0.5581191554956632, 1.0)
0.4605320769795098	-1.3715340364725161	(0.8891888017717228, 0.5591217819182539, 1.0)
0.4541240243315044	-1.384703292583238	(0.8759695026976739, 0.5631263329010261, 1.0)
0.46859071035121364	-1.3763664049907125	(0.8927706138108622, 0.5560043724439716, 1.0)
0.4677879027652477	-1.3577885249489214	(0.9031154055154713, 0.5546528852095847, 1.0)
0.45241870002454393	-1.3818973054221817	(0.8763024147974359, 0.563611492284333, 1.0)
0.4523005129997431	-1.3764475128676996	(0.8795479520046249, 0.5631674070639049, 1.0)
0.463365673904765	-1.384009106101558	(0.8839338640976474, 0.5590193144327953, 1.0)
0.4679052091580616	-1.3566292881138098	(0.9038842219179035, 0.5544944247754908, 1.0)
0.4711973018493023	-1.3839486112363366	(0.8903097400947703, 0.5555473238211582, 1.0)
0.44885269702963076	-1.3665197966148397	(0.8827810738524068, 0.563765054662898, 1.0)
0.4603428558872327	-1.3822127283336596	(0.8825728191607101, 0.5601826440278244, 1.0)
0.4782824924362941	-1.3277058925767553	(0.9283739003679806, 0.5471730897667586, 1.0)
0.4532566799223911	-1.356152422148021	(0.8925268651602914, 0.5609135508875329, 1.0)
0.4633574487362688	-1.3838918498698196	(0.8839986335403285, 0.5590121414662792, 1.0)
0.4803203460710175	-1.3739727719736734	(0.9035556814515181, 0.5505294658921248, 1.0)
0.46527273905789646	-1.400577377036149	(0.8752842477850763, 0.5597111908725455, 1.0)
0.43449117479377813	-1.385332066869378	(0.8593431021141321, 0.5716093769127184, 1.0)
0.470197207083234	-1.351953414428445	(0.9084015461676032, 0.5530426401348133, 1.0)
0.4621012272210388	-1.339892293634935	(0.9089925862910523, 0.5555505527045902, 1.0)
0.45082542337028586	-1.3585499374783159	(0.8891553044288643, 0.5621898570320363, 1.0)
0.475564153842713	-1.3386874495628471	(0.9201506046142494, 0.5494125936713032, 1.0)
0.46906143748192614	-1.3578927467152402	(0.9040611400025157, 0.5540947599778547, 1.0)
0.4842543334881197	-1.358480494132315	(0.915653619391299, 0.5472998636175046, 1.0)
0.4541009145369685	-1.3665495061055735	(0.887002204264133, 0.5614853538201015, 1.0)
0.4526062627980288	-1.353057574126183	(0.8938375848470802, 0.560918600495465, 1.0)
0.45582533282724835	-1.3381888970635258	(0.9050516257190883, 0.5581694277601722, 1.0)
0.46212910472953284	-1.3177452800363945	(0.9215109623394953, 0.5535412208158669, 1.0)
0.4653185714623005	-1.3548254646850495	(0.9028919127388813, 0.5554801177988573, 1.0)
0.4657754671929841	-1.3791284043792462	(0.8888441224944696, 0.5575066014300162, 1.0)
0.4800126815908023	-1.3824397249352705	(0.8982950773309096, 0.5514596258267437, 1.0)
0.4589792897110151	-1.3722294771447103	(0.8875192916516522, 0.5598673593187253, 1.0)
0.5163817378302403	-1.1795552298172196	(1.0, 0.5155619309300657, 1.0)
0.5263092693193567	-1.154328716225409	(1.0, 0.5082842408128526, 1.0)
0.5140153982958056	-1.1748984462228147	(1.0, 0.5163146369498663, 1.0)
0.5176086977445877	-1.1903630642740524	(1.0, 0.5159356650093627, 1.0)
0.5012762888360657	-1.2476747037073208	(0.9868759902755161, 0.5291271590405716, 1.0)
0.48892867440713356	-1.2764868077457774	(0.9635840842343285, 0.5375891798342929, 1.0)
0.49642664088294836	-1.168805075242703	(1.0, 0.5243757284751969, 1.0)
0.505278796315293	-1.1784267049264	(1.0, 0.5209305400482449, 1.0)
0.5096381055664566	-1.1332479617240394	(1.0, 0.5147640509890095, 1.0)
0.5090201675071895	-1.1492377412363162	(1.0, 0.5164880945248868, 1.0)
0.5075815166064406	-1.2009155976670194	(1.0, 0.5218299338245393, 1.0)
0.5090151406283998	-1.198719220707828	(1.0, 0.520930762822854, 1.0)
0.4813830050185958	-1.176266750311708	(1.0, 0.5322089639693631, 1.0)
0.48838623120481056	-1.1755484500036855	(1.0, 0.5288262995039112, 1.0)
0.5003989959117545	-1.1557431833697644	(1.0, 0.5212961766711214, 1.0)
0.5168483614631956	-1.1921877636171796	(1.0, 0.5164794041608224, 1.0)
0.43121760355083527	-1.23757800629181	(0.941149234042906, 0.5601557847234314, 1.0)
0.47069108507807617	-1.1766551447382299	(0.9990501525376098, 0.5372453404418823, 1.0)
0.4903776195904121	-1.1703442904547705	(1.0, 0.5274191753679994, 1.0)
0.48336779591802764	-1.129987945653428	(1.0, 0.527273364803333, 1.0)
0.5020691221210414	-1.1960515425147422	(1.0, 0.5240711421037558, 1.0)
0.5114966156706133	-1.1860489478108993	(1.0, 0.518566417916898, 1.0)
0.5164755125688513	-1.1580725510741445	(1.0, 0.5135738085415753, 1.0)
0.4960710107434992	-1.1540266641637456	(1.0, 0.5232476777835073, 1.0)
0.5010298609434634	-1.1861771304819293	(1.0, 0.523690708743774, 1.0)
0.5060593495420138	-1.1820175255377423	(1.0, 0.520870809312518, 1.0)
0.4877441717046414	-1.1323042537042867	(1.0, 0.52537614064467, 1.0)
0.4927140045449748	-1.154563567477126	(1.0, 0.5249161996462988, 1.0)
0.4957613593272019	-1.197624407187199	(1.0, 0.5272517286394212, 1.0)
0.4974267441140878	-1.2046204798543627	(1.0, 0.5270776361861164, 1.0)
0.5089892758836922	-1.1649466263033208	(1.0, 0.5179040618940227, 1.0)
0.5021937640171036	-1.1779358525821555	(1.0, 0.5223904249450261, 1.0)
0.4828038962299866	-1.2578629146130151	(0.9685716699565287, 0.5387571752545665, 1.0)
0.48838561726240237	-1.187418379124285	(1.0, 0.5298692875037767, 1.0)
0.47050541259078466	-1.3638986627336045	(0.9016907708343693, 0.5540023682798992, 1.0)
0.45967136816653426	-1.34459970461927	(0.9043758687740914, 0.5570520608202048, 1.0)
0.4361876148148651	-1.3637154887202794	(0.8741896982057779, 0.5689585093960201, 1.0)
0.450063178897887	-1.3906211661176777	(0.8689506918336971, 0.5654255642978746, 1.0)
0.4786183204001094	-1.3718740030934105	(0.9034401031871758, 0.5511016369886551, 1.0)
0.44765366257619377	-1.3818486553116598	(0.8724244563521201, 0.5656688793045418, 1.0)
0.4521501388274652	-1.367987891605177	(0.8845617403981326, 0.5624657628316831, 1.0)
0.4379311645704108	-1.391087445352913	(0.8585666529360947, 0.5706662359530571, 1.0)
0.4587561269008753	-1.3536372825260368	(0.8983890805004529, 0.5582741054846887, 1.0)
0.4705154766906103	-1.3810989768298574	(0.8914775159133017, 0.5555864758079749, 1.0)
0.4600930724095659	-1.3724216127952964	(0.8883017309129446, 0.5593958722369801, 1.0)
0.4461106673623511	-1.4091424645625135	(0.8538664013915508, 0.5688140220481261, 1.0)
0.45289906143799197	-1.355082496814094	(0.8928746134757805, 0.560973235900997, 1.0)
0.4722134653150263	-1.3985097974001728	(0.8822563970545177, 0.5564507644627864, 1.0)
0.4502163627763227	-1.3489091524679562	(0.894378003351735, 0.5615881555730593, 1.0)
0.4668128616815093	-1.3693554344009653	(0.8955283436213087, 0.5561478168286479, 1.0)
0.45746657435187815	-1.3992678118892805	(0.8696577435979205, 0.5630064266385199, 1.0)
0.4706818669626161	-1.362413309499282	(0.9027014869990169, 0.5537868167342324, 1.0)
0.4721788689963213	-1.3732519588003833	(0.8975009337548451, 0.554118546921497, 1.0)
0.4552071962646566	-1.3599748034613182	(0.89181901294193, 0.5604062119061295, 1.0)
0.4504795962144063	-1.3358437213445566	(0.9022011406448353, 0.5603033849433336, 1.0)
0.44181147355843275	-1.3863540398371077	(0.864790352797426, 0.5685852566904502, 1.0)
0.4620102485060569	-1.3537026088265787	(0.900930396141314, 0.5568440386692924, 1.0)
0.4505572653327185	-1.3573157170914059	(0.8896754364160272, 0.56219538781376, 1.0)
0.4570329387058745	-1.3559565029515008	(0.8956552694196469, 0.5592419637542597, 1.0)
0.4753278239431088	-1.3678191523055927	(0.9032131709402023, 0.5522052925354076, 1.0)
0.46642365678687975	-1.376020668057115	(0.8912363107144977, 0.5569335329160088, 1.0)
0.4719459043759207	-1.360732119459553	(0.9046840173461127, 0.55306676842309, 1.0)
0.4548796183920599	-1.3517619467727997	(0.8964105256989239, 0.559807250083719, 1.0)
0.4903240762345199	-1.357458845183817	(0.9209635707371513, 0.5444269573828217, 1.0)
0.4445954478422998	-1.3714929966286549	(0.8762953862546087, 0.5660519012978484, 1.0)
0.454264173435005	-1.3256867322192087	(0.9109728191319156, 0.5577359610614195, 1.0)
0.45207099591395833	-1.3689297287748248	(0.8839290192973699, 0.5625854689915222, 1.0)
0.46057329889163073	-1.3504604964741833	(0.9016852437850633, 0.5571846102949597, 1.0)
0.47281473442835503	-1.3562618020533066	(0.9079673014111312, 0.5522657775106012, 1.0)
0.464241030765293	-1.40349217416943	(0.8726120466481366, 0.5604349379612535, 1.0)
0.46081929044141445	-1.383824069903043	(0.8819765275843029, 0.5601215007368496, 1.0)
0.4490277166253602	-1.361063320826527	(0.8862074249188358, 0.5631974892028484, 1.0)
0.47435521947378917	-1.3609302064232562	(0.9064703694593683, 0.5520047726915255, 1.0)
0.45530386149417246	-1.3937344235650706	(0.8713344776369603, 0.5634392065676515, 1.0)
0.4453874074854475	-1.3806371042039602	(0.871311709306849, 0.5665354689988218, 1.0)
0.45360053514315196	-1.372400678887727	(0.883066756498348, 0.562234378888593, 1.0)
0.4633047259893769	-1.3716648330037429	(0.8913401011224924, 0.5579122488355889, 1.0)
0.46340813440348744	-1.3869018217193299	(0.882201888137735, 0.5592670670324533, 1.0)
0.4676323147576989	-1.4012534081468622	(0.8768047012014655, 0.5587345105443842, 1.0)
0.45688994873565336	-1.3341972329526375	(0.9081761215072767, 0.5573417165700355, 1.0)
0.47022323390001763	-1.391249208467575	(0.8850880980698301, 0.5566580783456868, 1.0)
0.4665657089442744	-1.387653745530377	(0.8843109428991628, 0.5579442042805941, 1.0)
0.46736081855959566	-1.386588755847484	(0.8856056696859828, 0.5574941607499021, 1.0)
0.45715074072580014	-1.3637540270007473	(0.8911267310037073, 0.5598975909287758, 1.0)
0.45312334809214405	-1.3650011190302618	(0.8871442487902874, 0.5617714993511135, 1.0)
0.4603717256396887	-1.3774275908065086	(0.8855050125853597, 0.5597314223710705, 1.0)
0.4704472112975951	-1.4238203965523002	(0.8648918293178965, 0.5596031599316287, 1.0)
0.45742659727543605	-1.382304286861087	(0.8801428563124459, 0.5614677297103692, 1.0)
0.4796712799482595	-1.1921182723453072	(0.998130794998681, 0.5343954233659426, 1.0)
0.48544792230153916	-1.200057035379395	(0.998453080823685, 0.5323744336200161, 1.0)
0.5166602364358784	-1.1500419988170631	(1.0, 0.5127595998907947, 1.0)
0.48996236498173656	-1.1963993084051165	(1.0, 0.5299123403390794, 1.0)
0.4890825055950914	-1.2047019192512036	(0.9988148656455434, 0.5310656976880275, 1.0)
0.4976974805631025	-1.2463407447774482	(0.9849795647033185, 0.5307130944146369, 1.0)
0.4935185783843988	-1.1925608243551076	(1.0, 0.5278757778312707, 1.0)
0.4881046549646938	-1.194874043453341	(1.0, 0.5306599466291334, 1.0)
0.49703357044655805	-1.123400012343169	(1.0, 0.5201079006150937, 1.0)
0.5082705739741901	-1.16584442839198	(1.0, 0.5183382691258617, 1.0)
0.4983826564625724	-1.1610240896570563	(1.0, 0.5227424163685133, 1.0)
0.5028161399161325	-1.2351174472328585	(0.994036766870397, 0.5272430956663622, 1.0)
0.4979247931265096	-1.2334720195023086	(0.9913754153828521, 0.5294369831561478, 1.0)
0.4973737358516075	-1.2035847559346036	(1.0, 0.5270103717010108, 1.0)
0.48746646778501035	-1.241094014889697	(0.9802487256975042, 0.5350745796827692, 1.0)
0.4943927927680949	-1.208630568832177	(1.0, 0.5288888417832804, 1.0)
0.5053583850435117	-1.2524548019000217	(0.9874478248456319, 0.5276077896444301, 1.0)
0.4952758550364328	-1.2698432476637598	(0.9715781038716779, 0.5340041915968741, 1.0)
0.5010119116876879	-1.2092433169930197	(1.0, 0.5257679300085017, 1.0)
0.503291903677346	-1.1836116897423787	(1.0, 0.5223630946554125, 1.0)
0.5104976313651345	-1.1935915600042724	(1.0, 0.5197399932793458, 1.0)
0.5127444948579463	-1.187480757396696	(1.0, 0.5180810235791353, 1.0)
0.49290770368662973	-1.1927819521331233	(1.0, 0.5281875484037534, 1.0)
0.5084539340202584	-1.1785786461714955	(1.0, 0.5193891978856527, 1.0)
0.5104501968546185	-1.211345555126544	(1.0, 0.5213760634878473, 1.0)
0.5099472855979595	-1.18189273283706	(1.0, 0.5189536576052615, 1.0)
0.5393252006309889	-1.139889735653724	(1.0, 0.5002747363214454, 1.0)
0.48492716480957004	-1.1839104495518022	(1.0, 0.5312016971967083, 1.0)
0.5074770624943316	-1.2119535634210137	(1.0, 0.52288151126215, 1.0)
0.5133317492798665	-1.196780683907163	(1.0, 0.5186357791277683, 1.0)
0.48670565769666924	-1.1974178284822372	(1.0, 0.5315472511949102, 1.0)
0.4971602290461079	-1.1764763610617546	(1.0, 0.5246996430160376, 1.0)
0.48934483039684135	-1.2503574576676513	(0.9770323991895472, 0.5350261226841236, 1.0)
0.4925488866144965	-1.2330826216370974	(0.9877607157996479, 0.5319583076938827, 1.0)
0.47969090919244056	-1.1537745782634452	(1.0, 0.5310618366266476, 1.0)
0.5001205864117155	-1.180439803898839	(1.0, 0.5236198057369081, 1.0)
0.4912428102231742	-1.1811808899124887	(1.0, 0.5279578850444472, 1.0)
0.48964640673095894	-1.1813035418346116	(1.0, 0.5287308787191235, 1.0)
0.5071063809946894	-1.2386144968963235	(0.9953838992497773, 0.5254943319537522, 1.0)
0.48254732102119996	-1.2153835695859536	(0.9891886452632178, 0.5350916269246639, 1.0)
0.4974377421762509	-1.282854868084035	(0.9665439217135395, 0.5341783685118561, 1.0)
0.5032167653946046	-1.2584848151082402	(0.9829597708986607, 0.5291893902971094, 1.0)
0.514257407558449	-1.1870751369828312	(1.0, 0.5172971543137856, 1.0)
0.5054270344594959	-1.1577464003251265	(1.0, 0.5190143897181412, 1.0)
0.503245668314398	-1.1836296455856443	(1.0, 0.5223871943820413, 1.0)
0.49133268190597323	-1.1785253491016399	(1.0, 0.5276810066109157, 1.0)
0.493964103877716	-1.2447309584917514	(0.9831056181249859, 0.5323392758043693, 1.0)
0.5053239847325665	-1.2343225853381457	(0.9961831546776329, 0.5259625739721556, 1.0)
0.49444896566625307	-1.1911458836848625	(1.0, 0.5273046387147181, 1.0)
0.4913710832807654	-1.1911616518466388	(1.0, 0.5287778699481284, 1.0)
0.493568314099308	-1.1512220822065218	(1.0, 0.5242122734368843, 1.0)
0.4907689538544145	-1.220960752835066	(0.99231853499588, 0.5317142243271468, 1.0)
0.523851619294331	-1.135169849323172	(1.0, 0.5077974448909867, 1.0)
0.5287553438066718	-1.1317398835174772	(1.0, 0.5049868251289623, 1.0)
0.5067470986728723	-1.1820436593982075	(1.0, 0.5205368405175714, 1.0)
0.4995827404643685	-1.2193700897008934	(0.9992547616061428, 0.5273684992987437, 1.0)
0.4929233544476769	-1.2020770447569493	(1.0, 0.5290057839401862, 1.0)
0.5011564873764348	-1.1719995889622503	(1.0, 0.5223665289476992, 1.0)
0.49495505038307286	-1.2540966783972993	(0.9792083553479715, 0.5327198062124194, 1.0)
0.5201980480888146	-1.2048661452860723	(1.0, 0.515977811187533, 1.0)
0.47977774715416666	-1.1926662183549614	(0.9979500415647747, 0.5343933686851488, 1.0)
0.48718477873640414	-1.2023586419760506	(0.9985880253032554, 0.5317569129664873, 1.0)
0.49266045304838274	-1.2250400514168	(0.9917034267317447, 0.53118277525974, 1.0)
0.48167618359066877	-1.2032587506379993	(0.9943198185655052, 0.534431266002637, 1.0)
0.49728503360868603	-1.1674833673036291	(1.0, 0.5238441289933076, 1.0)
0.4906630859441611	-1.221149975409281	(0.9921538572968892, 0.5317812806615483, 1.0)
0.4789231140939771	-1.2665908842216542	(0.9613269253878062, 0.5413368522125387, 1.0)
0.49605904687780744	-1.2274418332773747	(0.9929496119664211, 0.5297822635674517, 1.0)
0.4932779186569835	-1.2274481308928542	(0.9909862491358222, 0.5311059193731398, 1.0)
0.5090216079661901	-1.2026455257196151	(1.0, 0.5212834295099179, 1.0)
0.5339021197932213	-1.1495215413119415	(1.0, 0.5039650867942783, 1.0)
0.4883715962164437	-1.1919776878073265	(1.0, 0.5302777021728514, 1.0)
0.4952493543733162	-1.2407456442444773	(0.985964096323451, 0.5313692008662313, 1.0)
0.5092426755619959	-1.2725846168738588	(0.9802892548937053, 0.5276009242929264, 1.0)
0.49756595462562775	-1.199254213218941	(1.0, 0.5265307347256664, 1.0)
0.4715124585370805	-1.2310903507176356	(0.9737430560991421, 0.5415966771776768, 1.0)
0.5151623952097023	-1.1778510690408515	(1.0, 0.5160128879623549, 1.0)
0.48803313522282504	-1.1715739081267578	(1.0, 0.5286465813420385, 1.0)
0.459209409795541	-1.204018036492933	(0.9781323938784864, 0.5448678478851667, 1.0)
0.4672816870137788	-1.230221174045916	(0.9711355523337936, 0.5434595817115028, 1.0)
0.5181159839513941	-1.1775205915957805	(1.0, 0.5145141353111679, 1.0)
0.5066838662987168	-1.174296810495873	(1.0, 0.5198734629525372, 1.0)
0.48781354132731986	-1.2278301986636293	(0.986940887581169, 0.5337239051417465, 1.0)
0.5133599061243781	-1.175150701011893	(1.0, 0.516662072404065, 1.0)
0.5097096276162425	-1.2079093665703855	(1.0, 0.5214252218510497, 1.0)
0.49360687469835784	-1.1800561835432868	(1.0, 0.5267264607262765, 1.0)
0.5041191138594496	-1.2416865801769719	(0.9917970920801357, 0.5272162049175045, 1.0)
0.48510101845885023	-1.2161751915404762	(0.9906096740235356, 0.5339630525236275, 1.0)
0.5019711227657186	-1.1552191058608585	(1.0, 0.5204828481790892, 1.0)
0.4956919475892473	-1.2147534364727972	(0.9987104719262266, 0.5288164915743798, 1.0)
0.48883435164629946	-1.2087047420323562	(0.9967638423130877, 0.531538498152894, 1.0)
0.49525411670897007	-1.1995547143852165	(1.0, 0.5276669072090511, 1.0)
0.5098775991366802	-1.1911379045798405	(1.0, 0.5198222712823228, 1.0)
0.5237802438746912	-1.2075398411327267	(1.0, 0.5144395583116792, 1.0)
0.49992025839521037	-1.2531906507162613	(0.9832091935478772, 0.5302787857095002, 1.0)
0.5076667520019273	-1.2063095648752478	(1.0, 0.5222769290331789, 1.0)
0.4903263883730325	-1.178355511081606	(1.0, 0.5281470731120238, 1.0)
0.48845000799851196	-1.2361872533547236	(0.9833458907747922, 0.5341722406994105, 1.0)
0.49856510037422647	-1.2069682773408938	(1.0, 0.526741282334828, 1.0)
0.4997056310605649	-1.2394546295938345	(0.9897514129122883, 0.5291290322574691, 1.0)
0.5072988346476884	-1.1557970683186614	(1.0, 0.5179208357006504, 1.0)
0.5010957531491951	-1.1565193787301413	(1.0, 0.5210250004884553, 1.0)
0.4995485695282696	-1.227934366791973	(0.9951699904470462, 0.5281590011761599, 1.0)
0.4806973097617266	-1.2329920386939444	(0.9793793874199844, 0.5375156904330036, 1.0)
0.4934207821512796	-1.2398939797931083	(0.9850783240727329, 0.532159294169685, 1.0)
0.5041511373197036	-1.1651899695179382	(1.0, 0.5203010205418751, 1.0)
0.4821584544993335	-1.1987553454164734	(0.9967685439470463, 0.5338091863448929, 1.0)
0.5038431704792722	-1.1879760837140811	(1.0, 0.5224857336622426, 1.0)
0.5123859672308867	-1.184410484995979	(1.0, 0.5179799432014168, 1.0)
0.5071454928609866	-1.1853435158791537	(1.0, 0.520638384456864, 1.0)
0.4984948870987567	-1.1733735723552117	(1.0, 0.5237795926503912, 1.0)
0.49731558686948596	-1.2021287033807622	(1.0, 0.5269080233478678, 1.0)
0.5137296379921543	-1.1430721881586834	(1.0, 0.513600006038954, 1.0)
0.5099995930447861	-1.1898570540369464	(1.0, 0.5196466302612754, 1.0)
0.4947058613834554	-1.1584680180891394	(1.0, 0.524297340559346, 1.0)
0.5087907489295578	-1.1658384976726794	(1.0, 0.5180816330091526, 1.0)
0.5238389502735028	-1.1877001358735115	(1.0, 0.5125817197350838, 1.0)
0.4936101181427845	-1.1857484555265287	(1.0, 0.527228209302586, 1.0)
0.49754633588575675	-1.1729395395853663	(1.0, 0.5242000079338467, 1.0)
0.50400387875761	-1.2034524610606907	(1.0, 0.5237992759319074, 1.0)
0.5270175360023476	-1.207583795652424	(1.0, 0.5128224547701615, 1.0)
0.5214643968720687	-1.2108630177614272	(1.0, 0.5159009177436862, 1.0)
0.5131245778616615	-1.1755529346465527	(1.0, 0.5168148378560734, 1.0)
0.5228444611940303	-1.0848298735572235	(1.0, 0.5038229640008134, 1.0)
0.4924926708553095	-1.2278412143389865	(0.9902436130390392, 0.5315138037505611, 1.0)
0.5049652106154053	-1.198568120913363	(1.0, 0.5228921481412812, 1.0)
0.495937817327347	-1.2326200287478766	(0.9903813565003038, 0.5303072500027243, 1.0)
0.49697200270469716	-1.278129634608585	(0.9686142443086022, 0.5339634318620861, 1.0)
0.48943010446708085	-1.190906376038598	(1.0, 0.5296800456727504, 1.0)
0.5114691112960645	-1.2071206332635016	(1.0, 0.520492330849112, 1.0)
0.500964732847852	-1.226264029722854	(0.9969594787263852, 0.5273283128905194, 1.0)
0.5025323983131345	-1.2087487689604586	(1.0, 0.5249893628097589, 1.0)
0.4850367341441629	-1.2733985611936143	(0.962318192618283, 0.5391210715445419, 1.0)
0.4650386008595029	-1.285245052912225	(0.9413591102458323, 0.5493316408570279, 1.0)
0.5051018095312917	-1.2267748056751204	(0.999617186298187, 0.5253814372838215, 1.0)
0.516727788345684	-1.2090981183935146	(1.0, 0.5180859284908962, 1.0)
0.49600564883633425	-1.1641583359464653	(1.0, 0.5241695656326267, 1.0)
0.5084530442223171	-1.1684537158769226	(1.0, 0.5184818435540914, 1.0)
0.5170414108900241	-1.183943545277934	(1.0, 0.51563275958705, 1.0)
0.483519334563263	-1.167423264445629	(1.0, 0.5304302082821035, 1.0)
0.5125342336368773	-1.2267798389308715	(1.0, 0.5217696459805253, 1.0)
0.5037752152860788	-1.21724859909969	(1.0, 0.5251571664201986, 1.0)
0.7536495782827279	1.4548408599335727	(1.0, 0.11926907383275154, 0.0)
0.7395535489543057	1.4453401374717187	(1.0, 0.15425625616490216, 0.0)
0.7467271636431061	1.456940417768417	(1.0, 0.13744664245118204, 0.0)
0.7747536868336042	1.4605050367216965	(1.0, 0.029620220560156913, 0.0)
0.770852580210606	1.48132931448323	(1.0, 0.05329852201361727, 0.0)
0.7749438322945866	1.4466997450048416	(1.0, 0.029104645489100668, 0.0)
0.7488644391104813	1.43677171262617	(1.0, 0.13252288250224972, 0.0)
0.7526968968362375	1.4409738011886268	(1.0, 0.12225939854101273, 0.0)
0.7604705617259625	1.456373571485843	(1.0, 0.0981411109448053, 0.0)
0.7472736986496344	1.4551812011775183	(1.0, 0.13613261189300682, 0.0)
0.7687024822414925	1.4596436630145517	(1.0, 0.06522088204831136, 0.0)
0.7856506401911215	1.4568416502550314	(1.0, 0.0, 0.0)
0.7773079908628312	1.478904602634984	(1.0, 0.011437220446350592, 0.0)
0.7510353259832793	1.473247143479721	(1.0, 0.12605976077087386, 0.0)
0.7559554983437635	1.4366858629420274	(1.0, 0.11301809735352666, 0.0)
0.7545847026894305	1.4532858557732116	(1.0, 0.11663026567160964, 0.0)
0.7654425647218338	1.4468673805545529	(1.0, 0.08001575821408544, 0.0)
0.7594554447968435	1.427254641279856	(1.0, 0.10235432863771263, 0.0)
0.7756085567919689	1.4347833299976105	(1.0, 0.02531089544000025, 0.0)
0.7662374054300445	1.472650314956536	(1.0, 0.07584692384286151, 0.0)
0.7428557204122309	1.4765983134894065	(1.0, 0.14628304724001287, 0.0)
0.7569563471214334	1.4365699299249983	(1.0, 0.10999886585135596, 0.0)
0.7581357021028304	1.4530879589580108	(1.0, 0.10589120317396944, 0.0)
0.7538715239377058	1.4825994775603546	(1.0, 0.11800944260804766, 0.0)
0.761077777091025	1.4877392017528484	(1.0, 0.09519850528466003, 0.0)
0.7709959199537807	1.4819544940043767	(1.0, 0.05247348192878216, 0.0)
0.7580935329488575	1.4348923782139555	(1.0, 0.10651269506805167, 0.0)
0.7471142499170685	1.4621228369320944	(1.0, 0.13638700091252376, 0.0)
0.7635991209466108	1.475346139799212	(1.0, 0.08635580573679083, 0.0)
0.7641150230312223	1.4638678124225126	(1.0, 0.08472413806238127, 0.0)
0.7545483267822274	1.4654627788735914	(1.0, 0.11644810854663176, 0.0)
0.7632062954789108	1.4358353923224656	(1.0, 0.08905074479794312, 0.0)
0.7764965152129815	1.4405301431758593	(1.0, 0.01899711052168914, 0.0)
0.7643089468588883	1.4852556821358427	(1.0, 0.08331807147549222, 0.0)
0.7493667542056791	1.470407496488982	(1.0, 0.130514647955598, 0.0)
0.7697648261489076	1.4392222732432751	(1.0, 0.060841429346220645, 0.0)
0.7552143156171096	1.4742862618157062	(1.0, 0.11429719462623292, 0.0)
0.7689645121265849	1.470957935929173	(1.0, 0.06351818867968878, 0.0)
0.7483461417454841	1.4630942477048485	(1.0, 0.13327995700198852, 0.0)
0.7587301892494313	1.474836271721072	(1.0, 0.10342532624494499, 0.0)
0.7538587678105081	1.47827755985857	(1.0, 0.11814103429543163, 0.0)
0.7603426392521055	1.450990834899787	(1.0, 0.09872564355467231, 0.0)
0.7473747243543127	1.460472099860405	(1.0, 0.13577359671776817, 0.0)
0.7710144620926387	1.5019655894954187	(1.0, 0.051532675716209654, 0.0)
0.7711751849686654	1.4313499974997612	(1.0, 0.0537749441088027, 0.0)
0.769637133869825	1.4484673006788076	(1.0, 0.061090584994165316, 0.0)
0.7645558704129694	1.4717006122077694	(1.0, 0.0827578118505713, 0.0)
0.7584680094900857	1.4510271890800688	(1.0, 0.10488758611444943, 0.0)
0.7675064780604272	1.4610152632900133	(1.0, 0.07071119802951828, 0.0)
0.7481281119522373	1.4760197163082003	(1.0, 0.1335719254549198, 0.0)
0.7511596298452312	1.4526359137887135	(1.0, 0.12617330142969507, 0.0)
0.7559452571816766	1.4080197955590819	(1.0, 0.11381375244234757, 0.0)
0.7612074162124719	1.4744628482270714	(1.0, 0.09510126284229678, 0.0)
0.7601438490384334	1.4773496167715656	(1.0, 0.09868157967556673, 0.0)
0.7494850237050845	1.450384699308609	(1.0, 0.1306307492060721, 0.0)
0.7585616553915395	1.4721674474289217	(1.0, 0.10403747824774592, 0.0)
0.756347262211801	1.4495800153694414	(1.0, 0.11151344646700834, 0.0)
0.7684613994160221	1.4237125119533534	(1.0, 0.0677978900025889, 0.0)
0.7626372511761532	1.433373012862995	(1.0, 0.0912163864986143, 0.0)
0.7514267218480818	1.4667695191375798	(1.0, 0.12514498099193425, 0.0)
0.7513109627276852	1.448048111819493	(1.0, 0.12587036669996615, 0.0)
0.757415293648324	1.4597608907615343	(1.0, 0.10798196731255624, 0.0)
0.7633055033154313	1.4731230868181748	(1.0, 0.08753270564952911, 0.0)
0.7602038309936506	1.4912818588199168	(1.0, 0.09811892530093258, 0.0)
0.7537025063015373	1.4298677284092554	(1.0, 0.11972179686437279, 0.0)
0.7648323624293956	1.441019938512331	(1.0, 0.0826588113457464, 0.0)
0.7746033411518154	1.4791124708433376	(1.0, 0.029645745403681333, 0.0)
0.7450378081163809	1.4894361621730563	(1.0, 0.14092448394599097, 0.0)
0.7709991046880931	1.4757663381665043	(1.0, 0.05272181897430588, 0.0)
0.7646845277154523	1.486027192000663	(1.0, 0.08180932450137687, 0.0)
0.7608497242359826	1.4908444956096356	(1.0, 0.09591155678066665, 0.0)
0.7688589454843072	1.4624133030701187	(1.0, 0.06436104903147416, 0.0)
0.7517121121650898	1.4702879480347293	(1.0, 0.12429588713505588, 0.0)
0.7595187704163736	1.444927194635138	(1.0, 0.10164419552039711, 0.0)
0.7776675502677256	1.4716824318194854	(1.0, 0.009391210142054336, 0.0)
0.7622578466946321	1.4808445765369098	(1.0, 0.09118295522403941, 0.0)
0.7528343632416062	1.4650051987063328	(1.0, 0.12132491052248792, 0.0)
0.7419302884093014	1.4617888062877131	(1.0, 0.14866835901505607, 0.0)
0.7550617975432212	1.4609995278506502	(1.0, 0.11505701034234966, 0.0)
0.762597649920529	1.4700672635711782	(1.0, 0.09024977219503907, 0.0)
0.7529089313767462	1.404012195585149	(1.0, 0.12259126811969676, 0.0)
0.7652285662474616	1.418359584150777	(1.0, 0.0818768995299394, 0.0)
0.7581159866890529	1.4159957637375982	(1.0, 0.10697160074605175, 0.0)
0.7515204523210027	1.3865575933456855	(1.0, 0.12680976312504763, 0.0)
0.7612684536219528	1.4796124675577682	(1.0, 0.09474755078081573, 0.0)
0.7669881969678749	1.4614704881329956	(1.0, 0.07299345877992425, 0.0)
0.7695988901260692	1.461521372586089	(1.0, 0.060743430320616985, 0.0)
0.7663186813372207	1.4839421349864432	(1.0, 0.07512925373423485, 0.0)
0.7518659238269292	1.4336923167720113	(1.0, 0.1247054785649952, 0.0)
0.751265039699647	1.4746810110631774	(1.0, 0.12541215084132434, 0.0)
0.7746973648144471	1.472903878263304	(1.0, 0.029336354290204664, 0.0)
0.7428043226659868	1.467200864818375	(1.0, 0.14657265889847404, 0.0)
0.7624294193579276	1.4717159047487112	(1.0, 0.09081689471759968, 0.0)
0.7680622066566852	1.4590204758462761	(1.0, 0.06825380568465894, 0.0)
0.776829230790234	1.4693423715041762	(1.0, 0.015164609242505176, 0.0)
0.7504666505885601	1.4474567919814016	(1.0, 0.12813052198423056, 0.0)
0.7505425581615361	1.4569043766919012	(1.0, 0.12772217871082536, 0.0)
0.754628204000095	1.4642063766091702	(1.0, 0.116245795726056, 0.0)
0.7587534244570059	1.4822536590489808	(1.0, 0.1031639802822725, 0.0)
0.7693730842328381	1.4641212582356065	(1.0, 0.061770952725295265, 0.0)
0.7671692350259383	1.4920059373845345	(1.0, 0.07114581227877162, 0.0)
0.7484504018947852	1.4721602873458077	(1.0, 0.13283112042871897, 0.0)
0.7468751175443126	1.461319614478123	(1.0, 0.13699418090209972, 0.0)
0.7539066916875418	1.415526515180467	(1.0, 0.11950900331171496, 0.0)
0.7674766515369602	1.5005810651433873	(1.0, 0.06947505663401934, 0.0)
0.7744505343088085	1.4827190472922562	(1.0, 0.03048910118095339, 0.0)
0.7529133200511252	1.4426396936274504	(1.0, 0.12162042271407808, 0.0)
0.7461262819367729	1.4460133299534843	(1.0, 0.13913724074657713, 0.0)
0.7688296379923726	1.4742910735097532	(1.0, 0.06404739240436069, 0.0)
0.7604752951232298	1.4781961330745055	(1.0, 0.09753223570490069, 0.0)
0.7733818779369233	1.4774672485505456	(1.0, 0.03795382146621619, 0.0)
0.7503401643861103	1.4477389341854625	(1.0, 0.12845749318838845, 0.0)
0.7649177053581107	1.4379889423660046	(1.0, 0.08242386066798205, 0.0)
0.7618493841602944	1.4725638189085382	(1.0, 0.09288510374713385, 0.0)
0.7612233230734128	1.4751602839013955	(1.0, 0.09502657573810547, 0.0)
0.7566437666497493	1.429584202962698	(1.0, 0.11113615547128536, 0.0)
0.7641513240433753	1.466766860449039	(1.0, 0.08449364246795502, 0.0)
0.765711113240299	1.4556908522764889	(1.0, 0.07861718962750666, 0.0)
0.7670823517796148	1.4715702980616912	(1.0, 0.07222551458415691, 0.0)
0.7657096202302212	1.4747392664906003	(1.0, 0.07799330629423412, 0.0)
0.7619925042171356	1.4668827573896839	(1.0, 0.09253386249468334, 0.0)
0.750604309446433	1.4399413444605518	(1.0, 0.1279360227561143, 0.0)
0.7574007909019363	1.4380264446812867	(1.0, 0.10859234962007411, 0.0)
0.7640183841959988	1.4420428283152422	(1.0, 0.08579094418523286, 0.0)
0.7645518263448757	1.4535737273693436	(1.0, 0.08334862810660462, 0.0)
0.7577920975269538	1.4790538065994017	(1.0, 0.10632106205924471, 0.0)
0.7549713532555112	1.441587424713978	(1.0, 0.11579381848297557, 0.0)
0.7696417700666257	1.487361347555103	(1.0, 0.05950196109693583, 0.0)
0.7528388622103218	1.4620776447781476	(1.0, 0.12137812870266398, 0.0)
0.7600302116528929	1.48959994158314	(1.0, 0.09875012276736597, 0.0)
0.7574024927167151	1.4846305958729822	(1.0, 0.10741122981913753, 0.0)
0.758679525025783	1.464198032741339	(1.0, 0.10386174094384995, 0.0)
0.7602317453354188	1.4443147634278024	(1.0, 0.09928873732772953, 0.0)
0.7713389848747773	1.4609874400971332	(1.0, 0.05146725749926485, 0.0)
0.7514578590493342	1.472641387341594	(1.0, 0.12493487252076516, 0.0)
0.7555617113680734	1.4593382910652763	(1.0, 0.11362303041197061, 0.0)
0.7768922969012575	1.4947282046692496	(1.0, 0.013437784944503718, 0.0)
0.7591502260496088	1.4779263289098838	(1.0, 0.10197720146331507, 0.0)
0.7503273591297396	1.4414349941369051	(1.0, 0.12863196287417403, 0.0)
0.7630411706456963	1.4574807616237775	(1.0, 0.0889877913738438, 0.0)
0.7657267281358195	1.4270846760791278	(1.0, 0.07955326748880368, 0.0)
0.7693920570605286	1.4653403825740232	(1.0, 0.061627675805375114, 0.0)
0.760126675229522	1.4635346282550636	(1.0, 0.09910799169156301, 0.0)
0.7659439398783122	1.4630876631606031	(1.0, 0.07740204344368423, 0.0)
0.7549604871021364	1.4478172293589289	(1.0, 0.1156715543876804, 0.0)
0.7446803776072449	1.4739716182662048	(1.0, 0.14206125647535922, 0.0)
0.7530368153379083	1.4793274291869538	(1.0, 0.12044401496160925, 0.0)
0.746478443387969	1.4731890645348882	(1.0, 0.13773607151264974, 0.0)
0.7556512315112048	1.4846909580003882	(1.0, 0.11276201780900336, 0.0)
0.75803314445354	1.4448404311017715	(1.0, 0.10643400066009145, 0.0)
0.7856702103116423	1.4429013124046421	(1.0, 0.0, 0.0)
0.7747341404933906	1.5027525103480324	(1.0, 0.02758241284356448, 0.0)
0.7719495713584142	1.4348295544513257	(1.0, 0.04920972515060041, 0.0)
0.7633863906780742	1.509197752913014	(1.0, 0.08620813380293679, 0.0)
0.7583805555564135	1.4824905911006723	(1.0, 0.10436256377182995, 0.0)
0.7635957461900409	1.460291321261364	(1.0, 0.08682304764745274, 0.0)
0.7605035771164276	1.4169917856976033	(1.0, 0.09918133053173411, 0.0)
0.7575732845027896	1.4375537157899783	(1.0, 0.10806970003379138, 0.0)
0.748375538777967	1.4195930068686755	(1.0, 0.13414845737157033, 0.0)
0.7399458158998106	1.4440599095738194	(1.0, 0.15342221104056886, 0.0)
0.7442162489472781	1.4040789021964986	(1.0, 0.14457647991966413, 0.0)
0.7503449382557331	1.4260143572734105	(1.0, 0.1289395354696556, 0.0)
0.7485364460748775	1.4454634395174502	(1.0, 0.13316770276572712, 0.0)
0.7703737598088546	1.464936024990025	(1.0, 0.0565907092301046, 0.0)
0.7351326341219725	1.4175671390353595	(1.0, 0.1640986812097765, 0.0)
0.7564121817839504	1.420299559917338	(1.0, 0.11208481976509635, 0.0)
0.7320785298021664	1.4667246108606409	(1.0, 0.1693796916775737, 0.0)
0.743604865489851	1.4264298163853404	(1.0, 0.14552109851890566, 0.0)
0.7428725544923697	1.4520564506875775	(1.0, 0.14670066470356646, 0.0)
0.7341775491328183	1.442682113060933	(1.0, 0.1655868266933547, 0.0)
0.7452178466767237	1.4603855210852756	(1.0, 0.14103898218802313, 0.0)
0.7452683972278361	1.4396632765085533	(1.0, 0.14133372597720906, 0.0)
0.7362163137544063	1.394986534924298	(1.0, 0.16230967141657018, 0.0)
0.7464549304546733	1.4132903784023751	(1.0, 0.139041999121913, 0.0)
0.7540848233684643	1.4468255470135065	(1.0, 0.11822195374774155, 0.0)
0.7442413002614208	1.3953048169817963	(1.0, 0.1447134727610338, 0.0)
0.7462231526379084	1.4531146496301672	(1.0, 0.138756856094249, 0.0)
0.7475188223195465	1.4787048766388915	(1.0, 0.1350522717378759, 0.0)
0.7376403107115953	1.4259057571224563	(1.0, 0.15873007665259228, 0.0)
0.7599305354999213	1.443082381080106	(1.0, 0.10033217574785286, 0.0)
0.74916113740361	1.4623734751541413	(1.0, 0.1312120310390584, 0.0)
0.7618514942839446	1.4346167706843689	(1.0, 0.09399180024275597, 0.0)
0.7480420944179649	1.424998293904387	(1.0, 0.1348639541087696, 0.0)
0.7381127909787091	1.457246987784479	(1.0, 0.15715196219180744, 0.0)
0.7615527507674186	1.4405187663237513	(1.0, 0.09486425481562655, 0.0)
0.7517169073302414	1.4642238164539603	(1.0, 0.12441451723339186, 0.0)
0.456386061675853	-1.3552918262050457	(0.8955319040347013, 0.5594657154005894, 1.0)
0.4743607401529215	-1.3460992174197954	(0.9150162336199505, 0.5506361462234077, 1.0)
0.39502440842788533	-1.3431312818282573	(0.8529966416450107, 0.5843017719831859, 1.0)
0.3695646553793597	-1.3039318048539026	(0.8561177027931486, 0.5912518758148493, 1.0)
0.38275100541822893	-1.307867768725592	(0.8645067016232026, 0.5863051368501511, 1.0)
0.34838012272318264	-1.344243633815781	(0.8125921547782253, 0.6028193693273539, 1.0)
0.4160318093478084	-1.3393310477034441	(0.8725958216961647, 0.5753233203309066, 1.0)
0.4149966728587729	-1.3630513199108394	(0.8571396079331302, 0.57781520827169, 1.0)
0.4119344026637705	-1.311855231969784	(0.8856207574552678, 0.5746728149388893, 1.0)
0.40360949130090584	-1.351260546895348	(0.8550546651703452, 0.5814922375534005, 1.0)
0.3913727277124409	-1.358126997503266	(0.840442019606289, 0.587056862760851, 1.0)
0.39804349965101243	-1.3435476052785753	(0.8552438209243002, 0.5831081798712213, 1.0)
0.4003114315562411	-1.340842704938162	(0.8587971992087692, 0.5819509128130286, 1.0)
0.40727792285064773	-1.3316937556867767	(0.8700944972911514, 0.5783032050380716, 1.0)
0.37730510477918383	-1.320640168603382	(0.8522622036254373, 0.5895491493357934, 1.0)
0.370819666511177	-1.342290932114202	(0.8331837170443114, 0.5939227821609778, 1.0)
0.40018118664408797	-1.3747643228791082	(0.8371729396414775, 0.5849179176359154, 1.0)
0.40111408542167337	-1.3448844522676566	(0.8569571698435388, 0.581967822933384, 1.0)
0.43682602617493826	-1.412371247017371	(0.84386636795825, 0.5730569390808338, 1.0)
0.41784512382836675	-1.3652286319213496	(0.858142721299538, 0.5768212746767485, 1.0)
0.42102186206397685	-1.3689256327240795	(0.858464419099843, 0.5758205870056349, 1.0)
0.4249320050090023	-1.3494328512710352	(0.8737152108364096, 0.5724693493566136, 1.0)
0.44824988451284287	-1.401323239804115	(0.8606851904729412, 0.567182556592453, 1.0)
0.4363478213740904	-1.3939536842073796	(0.8554112726122391, 0.5715963776282319, 1.0)
0.45491943139571517	-1.3883006127723787	(0.8743978538115543, 0.5631089958014698, 1.0)
0.4233628378197169	-1.410470895260856	(0.8335432140919793, 0.578528563720437, 1.0)
0.4442685631595775	-1.4093032316727816	(0.8522041999787254, 0.5696162697004434, 1.0)
0.42750982409895605	-1.3938201613284464	(0.8480410566821839, 0.5753102744402817, 1.0)
0.4485922661707217	-1.417062468110816	(0.8508234553273499, 0.5684759005663883, 1.0)
0.422705638668674	-1.4015717000036176	(0.8388827421916465, 0.5780075677218496, 1.0)
0.46222086934016077	-1.3893085129148013	(0.879757050778085, 0.5600106996103809, 1.0)
0.44245929825383623	-1.396234945394565	(0.859080407356659, 0.5692015335080532, 1.0)
0.46137557408420926	-1.4068799643273133	(0.8681053016256906, 0.5620039655973551, 1.0)
0.4598869131429494	-1.3406784193039167	(0.906806671274014, 0.5566023200273553, 1.0)
0.413498804999741	-1.3278439770671613	(0.8774419251245932, 0.5753894681437982, 1.0)
0.4040695503069988	-1.3493429852828724	(0.8566330995334042, 0.581138696339942, 1.0)
0.39468980544107696	-1.3392961714632	(0.8551063249864168, 0.5841119351237637, 1.0)
0.40581038363187993	-1.2910744885657381	(0.892771350133876, 0.575463501611844, 1.0)
0.356992520531262	-1.3238671905450519	(0.8332510387819804, 0.5978236050898048, 1.0)
0.3931914065411696	-1.292088786424801	(0.8822161746517672, 0.5807545309830966, 1.0)
0.3999231965909007	-1.3370714125742251	(0.8608013064365989, 0.5817881590008384, 1.0)
0.3936514331545277	-1.321433454488226	(0.8652014033948677, 0.5830240131517793, 1.0)
0.38071312285976594	-1.3489620248982976	(0.8372948306213456, 0.5905563073880596, 1.0)
0.3753130362495172	-1.3314570907207242	(0.8438663990701742, 0.5912416543611602, 1.0)
0.41040432439172164	-1.3218545072481467	(0.8785130288531066, 0.5761647043558749, 1.0)
0.4036517914610464	-1.3509072867664238	(0.8553105609215502, 0.5814445285250912, 1.0)
0.4338041827727067	-1.3529255049541218	(0.8788054089391746, 0.5690171436060089, 1.0)
0.4053249685884594	-1.3621082163305982	(0.8496572078061532, 0.5817236892598098, 1.0)
0.6481248191505132	0.4608482272763589	(1.0, 0.31203763932260564, 0.569299220092822)
0.6320370860175986	0.350622253252984	(1.0, 0.3319702225622434, 0.628287563586291)
0.4459714402162545	-0.7489291855898312	(1.0, 0.5158215775624299, 1.0)
0.4808100772397474	-0.6946543194299629	(1.0, 0.49460497712836576, 1.0)
0.4774550548682211	-0.7572078047803266	(1.0, 0.5007751483802828, 1.0)
0.46837517488964636	-0.6463509758405165	(1.0, 0.4976784132399719, 1.0)
0.48735455842742137	-0.7219243299360807	(1.0, 0.4931446253165916, 1.0)
0.44472109771756596	-0.7287458744166053	(1.0, 0.5150424968242996, 1.0)
0.4445527043888813	-0.8186851445976046	(1.0, 0.5214024672468986, 1.0)
0.4528040124840536	-0.7860761420124739	(1.0, 0.515102903633112, 1.0)
0.7368965734184015	1.413148055044092	(1.0, 0.16053848772896948, 0.0)
0.7514614293068677	1.4070079358475078	(1.0, 0.12644352572952347, 0.0)
0.7394636621222396	1.4316870657906795	(1.0, 0.15470948419373373, 0.0)
0.7443331727521042	1.4079168456509674	(1.0, 0.14421895117869182, 0.0)
0.7506258839794933	1.39332520893278	(1.0, 0.12899953103021156, 0.0)
0.7409660527329907	1.3821429059066437	(1.0, 0.15243704581461986, 0.0)
0.742020335170827	1.3996594667033266	(1.0, 0.14970501694500454, 0.0)
0.7384748772452823	1.3804919718394477	(1.0, 0.1578733161924067, 0.0)
0.7393297841633898	1.417015654462004	(1.0, 0.15528605456621689, 0.0)
0.7552414564250505	1.449004363984588	(1.0, 0.11482027017770266, 0.0)
0.3922463865782167	-1.3152167874898069	(0.867806158643629, 0.5830734232987361, 1.0)
0.381964900865293	-1.3115781421967085	(0.8616283806150862, 0.5869295712176452, 1.0)
0.4046258174572861	-1.3247222165434527	(0.8721391537607887, 0.5788034472786432, 1.0)
0.39152703209594975	-1.3527481393311886	(0.8440099954388985, 0.5865365318920399, 1.0)
0.4215507123249445	-1.3412451823810592	(0.8759192503561165, 0.5731775334928936, 1.0)
0.42415318263956625	-1.3717856444098646	(0.8592724210751432, 0.574762041075962, 1.0)
0.4120823719803727	-1.3500816819309134	(0.8627974308655517, 0.5778970279127206, 1.0)
0.4266495305238113	-1.3610333312626057	(0.8680253229300572, 0.5727646132377008, 1.0)
0.40579298936519886	-1.3414648757921706	(0.8629284483135542, 0.5797535344279017, 1.0)
0.42619951106140025	-1.347103857431353	(0.8761551053268873, 0.5717305250046316, 1.0)
0.3950129597698602	-1.3580612592070103	(0.8435601767226973, 0.5855795097485725, 1.0)
0.384129348039536	-1.3320712015124818	(0.8508356842277849, 0.5877698071915979, 1.0)
0.37551045717626413	-1.3290793367100306	(0.8455239821346594, 0.5909653844993946, 1.0)
0.3592085770744198	-1.3554229541654803	(0.8145797424910196, 0.5995577799386247, 1.0)
0.4137124657751644	-1.3385671096364367	(0.871171833270773, 0.5762242838186356, 1.0)
0.42799249520304355	-1.3684052085483844	(0.8645677703211662, 0.5728493659576567, 1.0)
0.4175629010942731	-1.350661780741556	(0.8669449774711863, 0.575667541873988, 1.0)
0.389980610234022	-1.3553836044980643	(0.8410230958347356, 0.5873845171187935, 1.0)
0.40184412821228155	-1.2903038859007996	(0.8900912718957997, 0.5770443078156942, 1.0)
0.41302969867839795	-1.3309835884801002	(0.8751864201330893, 0.5758550320364924, 1.0)
0.3922357460094978	-1.3118204174911943	(0.8698324344956289, 0.5827929058875321, 1.0)
0.403135295485672	-1.322669156186207	(0.8721630917217449, 0.5792433950279817, 1.0)
0.4119558790673752	-1.36641690086413	(0.8524822377236548, 0.5793678424278026, 1.0)
0.4026369586877919	-1.3543057928496551	(0.8523357174912183, 0.5821524740316033, 1.0)
0.3700530132315434	-1.338514045268949	(0.83495728208813, 0.5939112243406967, 1.0)
0.3861991439263193	-1.3353731241778248	(0.8504990013554772, 0.5872148089994178, 1.0)
0.37444877617845146	-1.313943631755598	(0.8540225017352467, 0.5901338080603549, 1.0)
0.4066033338036133	-1.2970671210167986	(0.8899628629281493, 0.5756389489753049, 1.0)
0.399616759528523	-1.3352909760095035	(0.8616424445651202, 0.5817619384440456, 1.0)
0.42784387954252157	-1.3265198369909923	(0.8897100588085015, 0.5692356282130224, 1.0)
0.4169109136493977	-1.3883981775886591	(0.8425584447235309, 0.5792448084826618, 1.0)
0.4269413781257491	-1.3584137308358109	(0.8698754091656901, 0.5724108242009217, 1.0)
0.4122221878632841	-1.3484216108422928	(0.8639358806715534, 0.5776953610147132, 1.0)
0.4062469836228561	-1.344279506309133	(0.861570100645372, 0.5798081863749999, 1.0)
0.35998408560826606	-1.312059029176771	(0.8431982832794407, 0.5956919442656362, 1.0)
0.30409477270482577	-1.2815557139998337	(0.8152838311037243, 0.6145163353042831, 1.0)
0.3950338725531409	-1.3670697906542013	(0.8377832724719667, 0.5863426670569167, 1.0)
0.40322115301351796	-1.3474019188554807	(0.8571378837109014, 0.5813201546612883, 1.0)
0.4189316966258935	-1.406518009846392	(0.8323485063212531, 0.5800132846467556, 1.0)
0.3887533891382663	-1.3269689889565819	(0.8578139966110081, 0.5854776122374882, 1.0)
0.4181833548431162	-1.3990592613317943	(0.8366572900266486, 0.5796606804843971, 1.0)
0.4192779624807874	-1.3524053877904867	(0.8672814482636126, 0.5751029080733452, 1.0)
0.4210670853180597	-1.3580716045508503	(0.8652622251218623, 0.5748494593758988, 1.0)
0.41286273918489247	-1.3708539925565213	(0.850426208165322, 0.5793799771773492, 1.0)
0.4025227935617366	-1.360904492543321	(0.8480696863998961, 0.5827671529773845, 1.0)
0.4434523410463147	-1.4005534509805364	(0.8571547446604224, 0.5691689097562818, 1.0)
0.3985051803098187	-1.3597115388472327	(0.8454503162791045, 0.5843029698459924, 1.0)
0.4343673682513033	-1.3364709630258287	(0.8890669197208295, 0.5673253110968001, 1.0)
0.4193879406978556	-1.3584793710546308	(0.8636263691478872, 0.5755873886320481, 1.0)
0.4020284690711603	-1.355408482351424	(0.8511334318676521, 0.5824962335139292, 1.0)
0.396501745900964	-1.359882843884621	(0.8436521989032316, 0.5851317079449737, 1.0)
0.41253691899406403	-1.32854873902284	(0.8762453426887648, 0.5758509554891845, 1.0)
0.42347535468583963	-1.3736485391853053	(0.8575355190550373, 0.5752104250472222, 1.0)
0.4310337652461106	-1.3654799110509368	(0.8688852171824692, 0.5713053828737463, 1.0)
0.4192798860747042	-1.3471624570983831	(0.8704890682868723, 0.57464520856967, 1.0)
0.4230846140100828	-1.3746086800270159	(0.8566035311998306, 0.5754587067717964, 1.0)
0.3844281778928708	-1.313735090939736	(0.8623344591352538, 0.5861169837165064, 1.0)
0.3746598779446195	-1.3172863701679784	(0.8521427354649619, 0.5903259852900725, 1.0)
0.36484624933223625	-1.3415865811501049	(0.8285471596847798, 0.5962130503706593, 1.0)
0.4125066697468735	-1.3229786559966195	(0.8795358639344336, 0.5753854885858133, 1.0)
0.3182703092935308	-1.2597301601047477	(0.8407727290705889, 0.6075536365189587, 1.0)
0.3398176738314373	-1.283598876027311	(0.8440231129953076, 0.6012270219580829, 1.0)
0.37896149769048376	-1.31975846080003	(0.8541735993403962, 0.588813904923019, 1.0)
0.39273621568900047	-1.287385087727407	(0.8845750201306257, 0.5805497161760039, 1.0)
0.3609579747433999	-1.333011153869662	(0.8307656216304343, 0.5970265602233642, 1.0)
0.40097027387096956	-1.319503751578712	(0.872306045593146, 0.5798659358480743, 1.0)
0.45618545961066365	-1.4156705872669233	(0.8581504866693578, 0.5650753146494638, 1.0)
0.43933250200642965	-1.361023110527779	(0.8783902250413224, 0.5673743623084998, 1.0)
0.4498437183536538	-1.3821947686927647	(0.8740088172542625, 0.5647542815969381, 1.0)
0.43868235800568756	-1.4093731713393847	(0.8474162706540411, 0.571999415766705, 1.0)
0.3880107584171887	-1.3222653044069739	(0.860082670019546, 0.5853831135697578, 1.0)
0.3592161504942439	-1.3167433883794395	(0.8396274420914287, 0.5963744408065386, 1.0)
0.3761042523896218	-1.3296350636274847	(0.8456717711026787, 0.5907753410333334, 1.0)
0.37538400488196266	-1.324779996866267	(0.8481032717404097, 0.5906585528587952, 1.0)
0.39860876024193737	-1.3439774714175465	(0.8554450984253614, 0.5829142420838384, 1.0)
0.37665939082225924	-1.32169494672348	(0.8510761438683958, 0.5898943609130384, 1.0)
0.39631433897112717	-1.315072211658121	(0.871189240636721, 0.5814012066773997, 1.0)
0.3915143514715881	-1.3171787069603182	(0.8660304707778941, 0.5835358663298459, 1.0)
0.37612688446432413	-1.316697584831552	(0.8537161398144835, 0.589692551105017, 1.0)
0.3856311333377462	-1.3159284750863225	(0.8619885202915423, 0.5858145173378084, 1.0)
0.40727035254587785	-1.353381440860224	(0.8567704299525368, 0.5801705023509495, 1.0)
0.3801946459349876	-1.3383363890564468	(0.8436223399878441, 0.5898710257642575, 1.0)
0.41524454476891826	-1.3489992649276665	(0.8660634842725089, 0.576489493975095, 1.0)
0.427089814520902	-1.350090750561567	(0.875071213822383, 0.5716163738451397, 1.0)
0.39377285430232134	-1.364864754842864	(0.8381375920664237, 0.5866634959433605, 1.0)
0.42285381595296023	-1.363333503339545	(0.8634758114565049, 0.5745624537627517, 1.0)
0.3885435976478719	-1.3179992651495753	(0.8631126814079025, 0.5848100449948047, 1.0)
0.4038941388488061	-1.3101693918117623	(0.8801924198851616, 0.5778699539781854, 1.0)
0.3876742447012484	-1.3020830970537935	(0.8719434308011385, 0.5838342492085248, 1.0)
0.39304493578152644	-1.3117791654602895	(0.8705117597587266, 0.5824597014387307, 1.0)
0.41007563200973063	-1.3591779545490044	(0.8554747168227278, 0.5795153196151669, 1.0)
0.4137806012195507	-1.3910838594173882	(0.8381310216582291, 0.5807745955427902, 1.0)
0.40473075864070523	-1.3869665928654844	(0.8330726173044695, 0.5841245876128686, 1.0)
0.4388403696145096	-1.349288565229769	(0.8850522243892989, 0.56654137014877, 1.0)
0.40736156293749926	-1.3496929686380932	(0.8591416486752768, 0.5798148026590615, 1.0)
0.4011625172059357	-1.3799580623298116	(0.8346184372226874, 0.5849685012207148, 1.0)
0.37736146949066707	-1.3414753362484344	(0.8392470372770325, 0.5912630455327119, 1.0)
0.3895131082356572	-1.3191021880588754	(0.8632360496198151, 0.5845096366692302, 1.0)
0.3771289647313629	-1.3534478665510745	(0.8313489157862444, 0.5923593994679544, 1.0)
0.39609745923237405	-1.3222880961325902	(0.8666779506126703, 0.5820984121653318, 1.0)
0.38882919911313457	-1.331559748052797	(0.8550484030606029, 0.5858331335258086, 1.0)
0.38524188822551664	-1.3233744621748564	(0.8571289217472376, 0.5865936982052778, 1.0)
0.4055526327421428	-1.3510775389756609	(0.856782269214929, 0.5806786616986868, 1.0)
0.39214925480094737	-1.3343459005201785	(0.8560707085179792, 0.5847241068254913, 1.0)
0.44166590495205865	-1.4044552692814405	(0.8531406559900322, 0.5702853544197284, 1.0)
0.4037844813016896	-1.3775409944153523	(0.8384394596640541, 0.5836907117147687, 1.0)
0.417537858918572	-1.3755935807086423	(0.8513339912764659, 0.5778578498069278, 1.0)
0.4114741756329068	-1.3547809766130152	(0.859382943748046, 0.5785560502095579, 1.0)
0.43187524294262003	-1.4004047797500236	(0.8474731734154376, 0.5740658509110421, 1.0)
0.4090708097117363	-1.3981849135280133	(0.8293727163996234, 0.583333423718468, 1.0)
0.4091069236313903	-1.3348324635942714	(0.8696843290347757, 0.5778153332270877, 1.0)
0.4473544848099366	-1.3692892226493873	(0.8798868698683832, 0.5646632192128337, 1.0)
0.4041141777944848	-1.4154708955229367	(0.8132745438754427, 0.5868725779191872, 1.0)
0.42568510951613797	-1.3279655855576185	(0.8871426278505727, 0.5702774392553046, 1.0)
0.4205040729568634	-1.3355108280943604	(0.8785136411585435, 0.5731189745849069, 1.0)
0.40312765301996717	-1.3792040020839584	(0.8367942157696477, 0.5841029940947197, 1.0)
0.3900817905676811	-1.3231480062942091	(0.8612422729791832, 0.5846186810414862, 1.0)
0.38885107307758776	-1.3264005807137875	(0.8582431979134494, 0.5853903359614968, 1.0)
0.436869075868882	-1.390441145682501	(0.8580889372052433, 0.5710592891699015, 1.0)
0.43852686618087194	-1.3740766119317391	(0.8697323215193278, 0.568885298247957, 1.0)
0.4376980516226339	-1.3581464238866616	(0.8788066465836263, 0.567817881343614, 1.0)
0.4710924265659294	-1.3800315887965915	(0.8925831514722864, 0.5552308109840798, 1.0)
0.4654234721959277	-1.3494049019562544	(0.9061224250256225, 0.5549390259389237, 1.0)
0.4630544387055399	-1.3932816325147614	(0.8779895321400224, 0.5600110458631101, 1.0)
0.453323540301413	-1.3717411378334392	(0.8832420055259117, 0.5622951517421058, 1.0)
0.45799921888346323	-1.357748807249666	(0.8953677188055513, 0.5589799615029833, 1.0)
0.7643463698308683	1.4680450961496496	(1.0, 0.08369443152962738, 0.0)
0.7500032946100691	1.4960515700198056	(1.0, 0.1283399469450061, 0.0)
0.7502011929417556	1.4433582035106394	(1.0, 0.12891999276112806, 0.0)
0.7333672642714855	1.3990567708646489	(1.0, 0.16800769923670666, 0.0)
0.7447331205646697	1.425648847023311	(1.0, 0.14289746165563308, 0.0)
0.7652660421265156	1.4610224312088276	(1.0, 0.08025837579182088, 0.0)
0.7456390722114189	1.433919513450232	(1.0, 0.14056523324264758, 0.0)
0.7497442739402412	1.4236682673486183	(1.0, 0.1305590670235268, 0.0)
0.7647874000852487	1.426273047284366	(1.0, 0.08334118679518582, 0.0)
0.7554287868494601	1.4286625077678905	(1.0, 0.11478446383058327, 0.0)
0.7656089463752752	1.4768407820663516	(1.0, 0.07834259171290697, 0.0)
0.772298680412196	1.4495081911209737	(1.0, 0.04638532959303202, 0.0)
0.7373351810759473	1.4269108744162904	(1.0, 0.1593553461925873, 0.0)
0.7537623985821419	1.4645070357803833	(1.0, 0.11872552549306001, 0.0)
0.7406082526345386	1.4353293332457293	(1.0, 0.1521288311394266, 0.0)
0.7257513228412233	1.4094340105391914	(1.0, 0.18230767720369914, 0.0)
0.7312836301119334	1.4569192293668067	(1.0, 0.1710964860450834, 0.0)
0.7440560277661893	1.4282189454733594	(1.0, 0.14443415843064525, 0.0)
0.7407696863901587	1.4129282686045455	(1.0, 0.15221709002260028, 0.0)
0.7620094254253864	1.4313677770725357	(1.0, 0.09353276530580726, 0.0)
0.7465650524985606	1.4298618774952179	(1.0, 0.13840952963162167, 0.0)
0.7459246098091119	1.4471362998148076	(1.0, 0.13960292811731814, 0.0)
0.7397907090481632	1.438307823704137	(1.0, 0.15387022218421356, 0.0)
0.7399261978515863	1.4410480184161476	(1.0, 0.15352181244642846, 0.0)
0.7574526834774741	1.4575887421603333	(1.0, 0.10792075942472934, 0.0)
0.754925983580435	1.4081004019365242	(1.0, 0.11679287049517229, 0.0)
0.754258812596451	1.400596898700951	(1.0, 0.11890579278646293, 0.0)
0.74057382473413	1.4619111200251151	(1.0, 0.1517084170043685, 0.0)
0.7471385145891557	1.3924129181318654	(1.0, 0.13785620135834914, 0.0)
0.7550028799895924	1.4639023111803708	(1.0, 0.11516083618925838, 0.0)
0.7531867869671292	1.4197204657922555	(1.0, 0.12142025588236607, 0.0)
0.760082533451827	1.448469599008504	(1.0, 0.09967222518457594, 0.0)
0.7547276299931879	1.48055859377506	(1.0, 0.11558194951264225, 0.0)
0.7529280734251333	1.439498726704235	(1.0, 0.12165416600766912, 0.0)
0.7247464722268335	1.4267326185711113	(1.0, 0.1838407887809962, 0.0)
0.7517561616547809	1.4418675735614015	(1.0, 0.12481139371414082, 0.0)
0.7442880905100215	1.4233096530626932	(1.0, 0.14399385756590344, 0.0)
0.7462608310371636	1.4117963003007339	(1.0, 0.1395461430529641, 0.0)
0.7555942143705427	1.4541978255012138	(1.0, 0.11365178970651091, 0.0)
0.7434846819231411	1.4553427575700333	(1.0, 0.14522317883783453, 0.0)
0.7321004475903368	1.4411090402421043	(1.0, 0.16975735673872389, 0.0)
0.7408531252007312	1.4467156988900902	(1.0, 0.1513682085730678, 0.0)
0.7395676677292261	1.4264120611758486	(1.0, 0.15458511526733487, 0.0)
0.7309608677431909	1.3880908434702697	(1.0, 0.17293255974245533, 0.0)
0.7519607458020774	1.378991979753626	(1.0, 0.12583259236469568, 0.0)
0.7270084657137118	1.3933356205194667	(1.0, 0.18028707008960398, 0.0)
0.7362226461916793	1.385182591597167	(1.0, 0.16249507108701278, 0.0)
0.739070208394991	1.386570134299344	(1.0, 0.15647088036032003, 0.0)
0.7299436339676385	1.383446238555166	(1.0, 0.17497098071863276, 0.0)
0.7419400571659446	1.4089382443076823	(1.0, 0.14968842841772603, 0.0)
0.7345261789065903	1.390006851094811	(1.0, 0.1658604746113364, 0.0)
0.7373705708506187	1.3301239604355704	(1.0, 0.16132617434581945, 0.0)
0.739738402395467	1.3326302573428268	(1.0, 0.156257116040151, 0.0)
0.7438222092950556	1.3978700272246796	(1.0, 0.1456300853950405, 0.0)
0.7431865318267614	1.41966982645679	(1.0, 0.14662754567188094, 0.0)
0.7323885147721478	1.3813729699526573	(1.0, 0.17028497085309857, 0.0)
0.7656621713064705	1.371787795526941	(1.0, 0.08192946132892956, 0.0)
0.7355398972978903	1.3520576797335817	(1.0, 0.1645958487699499, 0.0)
0.7457867308010621	1.4261658796593224	(1.0, 0.1403749695169639, 0.0)
0.7179855923531143	1.341892016716063	(1.0, 0.19703442753409328, 0.0)
0.7385758463994349	1.4383071882659486	(1.0, 0.15650287526514356, 0.0)
0.7486475870256257	1.436157403688657	(1.0, 0.13308834378124473, 0.0)
0.7494658760363537	1.3944681297325794	(1.0, 0.1319761551141632, 0.0)
0.7658569018205326	1.3810668842157188	(1.0, 0.08077608240490788, 0.0)
0.7413204094494993	1.3942582683863995	(1.0, 0.15138749645671218, 0.0)
0.7398844138085388	1.3839084155996038	(1.0, 0.15476838038439233, 0.0)
0.744087210599168	1.3945071935440294	(1.0, 0.14509022017759196, 0.0)
0.7241275264473387	1.3468065280900248	(1.0, 0.18636928767383604, 0.0)
0.748097861373218	1.4195041339808694	(1.0, 0.13484823094453835, 0.0)
0.7498537344577922	1.3918123351968192	(1.0, 0.13104528408462118, 0.0)
0.7371717951066458	1.4317130599138232	(1.0, 0.15960955430191084, 0.0)
0.7412730144129801	1.3842296936279659	(1.0, 0.15171138221533784, 0.0)
0.7525612103650284	1.41984115917605	(1.0, 0.12314551459468467, 0.0)
0.7588685589678391	1.4116512026595136	(1.0, 0.10471096722718226, 0.0)
0.739810494613081	1.4138960885747507	(1.0, 0.15430378745861426, 0.0)
0.7566023564457101	1.4565608453079353	(1.0, 0.11056466038632917, 0.0)
0.746590153647901	1.3948965047628228	(1.0, 0.1391351655130116, 0.0)
0.7545377200241553	1.3604533090690567	(1.0, 0.11925067575174403, 0.0)
0.7397025411919592	1.3991174745948456	(1.0, 0.15484109661190723, 0.0)
0.7534577795856878	1.4058648617634872	(1.0, 0.12102080552096622, 0.0)
0.7506013747437433	1.4131677122222859	(1.0, 0.12857195787968073, 0.0)
0.7595843684124935	1.4224046384244646	(1.0, 0.10207363789712023, 0.0)
0.7386290327192117	1.4192178706829948	(1.0, 0.1567527879883863, 0.0)
0.7406029181897656	1.38769783742288	(1.0, 0.15311585804465835, 0.0)
0.7439273996862643	1.3563516098258648	(1.0, 0.14635552529328646, 0.0)
0.7626656917177645	1.4111816611515038	(1.0, 0.09183345540890434, 0.0)
0.7417058165098104	1.369996407321147	(1.0, 0.151068377630426, 0.0)
0.7284630564302806	1.3642983745453618	(1.0, 0.17813275803513065, 0.0)
0.7426248893115989	1.397408415328401	(1.0, 0.14838676106282125, 0.0)
0.7321672395745863	1.3686630693688233	(1.0, 0.1709715946782541, 0.0)
0.7512934378174795	1.3995718488577669	(1.0, 0.12707868352168594, 0.0)
0.7575660446812964	1.4148758186271462	(1.0, 0.1087174832562828, 0.0)
0.7575574577236253	1.4015577325921813	(1.0, 0.10912668832093969, 0.0)
0.7434515729001916	1.4128961043181394	(1.0, 0.14615990618370212, 0.0)
0.733089236608178	1.4123264399206237	(1.0, 0.16831150748066737, 0.0)
0.7450697180985026	1.4041441530223908	(1.0, 0.1425687470037043, 0.0)
0.760889831432748	1.3869041993903362	(1.0, 0.09883697168009162, 0.0)
0.7343697661096938	1.4000189498685833	(1.0, 0.16598031318989104, 0.0)
0.7340042611042629	1.4211455168728029	(1.0, 0.16631992083738867, 0.0)
0.751447254326197	1.3529309720192373	(1.0, 0.12791891195568686, 0.0)
0.7481253794527427	1.3974663292519978	(1.0, 0.1352937872776277, 0.0)
0.7402456368905884	1.38514360751476	(1.0, 0.15395432415041896, 0.0)
0.7635202153659275	1.3791573719614891	(1.0, 0.08983989041699733, 0.0)
0.7361398210845765	1.3798185514784507	(1.0, 0.16277630597970952, 0.0)
0.7482470564677726	1.3847472226497402	(1.0, 0.13529932281891877, 0.0)
0.7511821886395689	1.383427067412696	(1.0, 0.1277901398347495, 0.0)
0.6031430439298291	0.33951874037800134	(1.0, 0.35694307087708393, 0.633604712081698)
0.5712354234295727	0.17014017313584248	(1.0, 0.3888663852673058, 0.7241634102788719)
0.6534952352857805	0.4253769186232006	(1.0, 0.3084505635923326, 0.5885676809999034)
0.6629123804439502	0.4835338843240054	(1.0, 0.2962860281155505, 0.5574414813951236)
0.652043560419368	0.43910527637627467	(1.0, 0.3092276006720418, 0.5811320633484557)
0.6292019590970043	0.4059231733613031	(1.0, 0.3319767122972433, 0.598445989869436)
0.6086465201729868	0.3343685460048907	(1.0, 0.3526892555216465, 0.6365017435160388)
0.6102981863046331	0.2929843696962588	(1.0, 0.35320849285230993, 0.6588084958798436)
0.6316279906100785	0.32403242221332357	(1.0, 0.3335935889553135, 0.6425782423564662)
0.6419756954413993	0.36213065742107614	(1.0, 0.32241087716694455, 0.6223282442941763)
0.6763543116876913	0.5006034449056768	(1.0, 0.28118338922663894, 0.5485863962877807)
0.6565954544167604	0.48847497569192566	(1.0, 0.3024779510386002, 0.554599007183356)
0.6413974055545328	0.37622983236802576	(1.0, 0.32227481220299536, 0.6147300871639686)
0.6065597898056769	0.2206573196815002	(1.0, 0.3596715182210818, 0.69764130995279)
0.7312287935954928	1.3997559041329486	(1.0, 0.17219500597863432, 0.0)
0.7276209630290673	1.367218097026715	(1.0, 0.17964172085149235, 0.0)
0.7277280439458126	1.4070655378027535	(1.0, 0.17871063197550038, 0.0)
0.731537965818192	1.403925270751119	(1.0, 0.17151721796676972, 0.0)
0.7602312118063003	1.4170167465760224	(1.0, 0.10009393623001886, 0.0)
0.7413138231644438	1.4093633368663943	(1.0, 0.1510823581002153, 0.0)
0.7697708026393992	1.442571639532329	(1.0, 0.06066724552441626, 0.0)
0.7249774880263676	1.4117301480424693	(1.0, 0.18367158418935953, 0.0)
0.738564164754282	1.4361897437340234	(1.0, 0.15656748296997378, 0.0)
0.7477452602091456	1.4399938773145589	(1.0, 0.1352774207486009, 0.0)
0.7509263822167216	1.4318897276371583	(1.0, 0.12726819684003524, 0.0)
0.7562350933776493	1.422403490811057	(1.0, 0.11255910102917022, 0.0)
0.7439723236288324	1.3925280835550649	(1.0, 0.1454016559656916, 0.0)
0.7297867367623364	1.3850746325640293	(1.0, 0.17523870334286093, 0.0)
0.7402520052745674	1.4073392414523362	(1.0, 0.15347178757928734, 0.0)
0.7547736392888871	1.3877465114773297	(1.0, 0.11779090853681298, 0.0)
0.7363598121820869	1.3854304691219703	(1.0, 0.1622066442069243, 0.0)
0.751344618414723	1.3614715715962298	(1.0, 0.12795181505514056, 0.0)
0.7366130853107526	1.39324922728258	(1.0, 0.16152264659253088, 0.0)
0.7421190522085799	1.3952548717315996	(1.0, 0.1495780205423503, 0.0)
0.7372071301988105	1.3944318440937502	(1.0, 0.16025967367207486, 0.0)
0.753066426020108	1.400504115465031	(1.0, 0.12224819964119588, 0.0)
0.7468296172244175	1.385086943149577	(1.0, 0.13878606253885975, 0.0)
0.7555786834274211	1.399259966566672	(1.0, 0.11513643380019295, 0.0)
0.7483474711097138	1.3895717372359975	(1.0, 0.13492944687348932, 0.0)
0.7365920908247	1.3673237081015652	(1.0, 0.1621058228321064, 0.0)
0.7208077256501692	1.3997336641392908	(1.0, 0.19123094697832263, 0.0)
0.7492068661826277	1.3953191785424068	(1.0, 0.13261699433858382, 0.0)
0.7389291188601027	1.379900715457843	(1.0, 0.15691607898303175, 0.0)
0.7361062598874081	1.3876984015346192	(1.0, 0.16268378846467155, 0.0)
0.7216795599457124	1.402734059167675	(1.0, 0.1896695148874426, 0.0)
0.7356783389601792	1.3341813347545366	(1.0, 0.1647132294415462, 0.0)
0.7566287082902073	1.3886799323817378	(1.0, 0.11232686642473963, 0.0)
0.7295878590576147	1.3852176562549545	(1.0, 0.1756137447702851, 0.0)
0.7583108199033414	1.385803650618356	(1.0, 0.10725796866191195, 0.0)
0.7450248390255122	1.445435064981542	(1.0, 0.14179681935482308, 0.0)
0.7379774051327039	1.4306047653769778	(1.0, 0.15792619331587018, 0.0)
0.7337979038187314	1.4097498563955941	(1.0, 0.16694516084305833, 0.0)
0.7387894625538607	1.3908925284407412	(1.0, 0.15698192276852416, 0.0)
0.7421866738282551	1.383084341478088	(1.0, 0.14969451521248212, 0.0)
0.7411713530852136	1.3799995965958998	(1.0, 0.15203040456509495, 0.0)
0.7334168106102651	1.4083997751976065	(1.0, 0.16773237250350748, 0.0)
0.7400861311298252	1.4206751807897149	(1.0, 0.15356576043182263, 0.0)
0.7481574648781527	1.4308618220228853	(1.0, 0.13444375014769103, 0.0)
0.6045929596952268	0.3494634680035072	(1.0, 0.35533794310490424, 0.6282816959754022)
0.6395903951759707	0.3418399299939122	(1.0, 0.3255802672955651, 0.633184045738989)
0.6630793345308293	0.34171170158040975	(1.0, 0.30313404246612874, 0.6337920590737004)
0.6620400033528823	0.46493574151965866	(1.0, 0.29804713279866396, 0.5674602976160243)
0.7518309883649568	1.3854087119784788	(1.0, 0.12600963903141346, 0.0)
0.7509379888382772	1.3958353896355622	(1.0, 0.12811513120003162, 0.0)
0.748133525315017	1.3543259855129164	(1.0, 0.13635889964102038, 0.0)
0.7529261089107688	1.3696567545599185	(1.0, 0.1234715612470752, 0.0)
0.7336094199167598	1.3783716597991615	(1.0, 0.16793105002093076, 0.0)
0.7469784204832781	1.3894619837449984	(1.0, 0.13831828796757045, 0.0)
0.7434883037156877	1.4271386986208459	(1.0, 0.14577640769865685, 0.0)
0.7271118969172939	1.4356537229209079	(1.0, 0.17937218392815213, 0.0)
0.7439122877349901	1.395842667315477	(1.0, 0.145466490968851, 0.0)
0.7436351928812964	1.424686155223234	(1.0, 0.14548694958846534, 0.0)
0.7458896900243219	1.350263988998037	(1.0, 0.14191277070895908, 0.0)
0.7467975984826757	1.3865433468645245	(1.0, 0.138828996417967, 0.0)
0.7222992402925755	1.3796405050340947	(1.0, 0.1889838926428025, 0.0)
0.7435153646998898	1.3785729896081744	(1.0, 0.14677540979727607, 0.0)
0.7379267571681051	1.392592970853441	(1.0, 0.15878256852372122, 0.0)
0.7464898171897503	1.3878611523698536	(1.0, 0.13954451407339294, 0.0)
0.755946284772074	1.3754168537958613	(1.0, 0.11474396802132941, 0.0)
0.7407703991954377	1.3850143207913275	(1.0, 0.15280562979190013, 0.0)
0.725408009415176	1.1812377538875056	(1.0, 0.1879589133341726, 0.11741073242565953)
0.7085302948954356	1.0776649579443054	(1.0, 0.21807622051057957, 0.2079760422048702)
0.6475267338858632	0.3867752783106474	(1.0, 0.31603255698008687, 0.6092027207396697)
0.6548958334542566	0.43397367449891366	(1.0, 0.30667054310826586, 0.5839711013348764)
0.7548496925249438	1.4136097449519907	(1.0, 0.11686598955019234, 0.0)
0.7265119668905565	1.4026877320831634	(1.0, 0.1810341953009142, 0.0)
0.7512091287924939	1.4370544598103336	(1.0, 0.12639470395771588, 0.0)
0.7481620858260124	1.44005199072614	(1.0, 0.1342308408725414, 0.0)
0.7430841775343299	1.3993255799551976	(1.0, 0.1472974883108482, 0.0)
0.7449584139930618	1.4096530378303265	(1.0, 0.1427099304815265, 0.0)
0.7636615900922191	1.4208821166014651	(1.0, 0.08784494187934466, 0.0)
0.758384378147614	1.4477806912415143	(1.0, 0.105241364716703, 0.0)
0.758647910224796	1.4350572511050508	(1.0, 0.10474657763498171, 0.0)
0.7371276364015439	1.4284977856910446	(1.0, 0.1597622773616384, 0.0)
0.7397892096786207	1.4265656507871187	(1.0, 0.1540992428826224, 0.0)
0.7514266924593284	1.4105135058617932	(1.0, 0.12644912281066154, 0.0)
0.7530144027024581	1.4453760013164714	(1.0, 0.1212746178118165, 0.0)
0.7512557126207311	1.4626816515199113	(1.0, 0.1256943623736143, 0.0)
0.7343381732564641	1.3991188276370354	(1.0, 0.16606141594603507, 0.0)
0.7458130700295239	1.4157447131316585	(1.0, 0.14053827016287884, 0.0)
0.7567772970836648	1.4531535908814064	(1.0, 0.11011683235604888, 0.0)
0.7639654741789448	1.4778371706044262	(1.0, 0.08487670724575253, 0.0)
0.7453956692173704	1.4196510338741204	(1.0, 0.14145257074663603, 0.0)
0.7384576734702847	1.4353911881633097	(1.0, 0.15681086005513714, 0.0)
0.7532306842235554	1.4490016286417544	(1.0, 0.12058526573625991, 0.0)
0.7543740652490843	1.447560432127396	(1.0, 0.11737557860963457, 0.0)
0.7550091335381073	1.4305815423354813	(1.0, 0.11596167524634071, 0.0)
0.7538760801718711	1.4436045202868937	(1.0, 0.11889394040020163, 0.0)
0.7682756644160371	1.432562813253035	(1.0, 0.0682966558245093, 0.0)
0.7319557145787065	1.4104427206340828	(1.0, 0.17058188160718585, 0.0)
0.7581091356290344	1.4274859742837205	(1.0, 0.1066682972864694, 0.0)
0.7424642891640136	1.4428309148685736	(1.0, 0.14781391313567344, 0.0)
0.7387763779424621	1.4469689896445148	(1.0, 0.1559115642417534, 0.0)
0.7404596048584037	1.4722634427144143	(1.0, 0.15177754012298605, 0.0)
0.7525820286994824	1.4441868089253858	(1.0, 0.12250080008124306, 0.0)
0.741949897230476	1.4606346353561228	(1.0, 0.1486452264336559, 0.0)
0.7525096553057095	1.4252115571211597	(1.0, 0.1231545191432743, 0.0)
0.7497635959310319	1.4411043870171454	(1.0, 0.13011230989004668, 0.0)
0.4661562398774035	-1.3598858220045145	(0.9005959153870146, 0.555570693979403, 1.0)
0.46225517713944536	-1.3810836030043014	(0.8848128596935412, 0.5592389837218795, 1.0)
0.4086690177491496	-1.353543028462785	(0.8578298528014682, 0.5796079853263532, 1.0)
0.41509335662480823	-1.3727573904974304	(0.8510876235056954, 0.5786232844680661, 1.0)
0.4237606300522128	-1.3644288515854721	(0.8635442252147253, 0.5742784362896367, 1.0)
0.4268744036215351	-1.3232789261372238	(0.8908322311751652, 0.5693655178301207, 1.0)
0.39497473042463993	-1.3777134131162247	(0.8307791411503758, 0.587281575343598, 1.0)
0.42347874104008915	-1.3269702443700002	(0.8859667016093867, 0.5711244833480109, 1.0)
0.42328560814019206	-1.3640459791272859	(0.8633897607044141, 0.5744440309601887, 1.0)
0.4036855742470888	-1.3477998354997047	(0.85727518071308, 0.5811637582900059, 1.0)
0.4422741222259863	-1.3492702830551286	(0.8878197900905682, 0.5650627205178299, 1.0)
0.44135000854804013	-1.3844911953948271	(0.865576353987449, 0.5686146318143368, 1.0)
0.4334210543595855	-1.388806737664219	(0.8562414734086059, 0.5723734824090149, 1.0)
0.43561362444322266	-1.3784185460039786	(0.8646259986380298, 0.5705144890229714, 1.0)
0.41551884360855795	-1.365135136073222	(0.8562656203472364, 0.5777803223198406, 1.0)
0.4196149196101668	-1.3577679890732484	(0.8642538466897239, 0.575430349778172, 1.0)
0.36914162535618383	-1.3514170078504228	(0.8258275969508546, 0.5953440773543051, 1.0)
0.39707509158803805	-1.3740385250871465	(0.8349921212165728, 0.586115652462263, 1.0)
0.37975245816246583	-1.3412756507174637	(0.8413894487306605, 0.5902938640040722, 1.0)
0.3932556553272886	-1.3297895902794012	(0.8597876457012977, 0.5838898830064626, 1.0)
0.414785619365654	-1.3580681811601196	(0.86007854586948, 0.577468620010128, 1.0)
0.39257597850165077	-1.3160898976695892	(0.8675491491625522, 0.5830125458037272, 1.0)
0.4188159242631368	-1.3639203271736087	(0.859767863613934, 0.5763022083345504, 1.0)
0.40388872816493204	-1.3372932810032976	(0.8639224218109621, 0.5801800480489504, 1.0)
0.39204890572580947	-1.3510495063345531	(0.8455280553163761, 0.586181159851615, 1.0)
0.3726165333462626	-1.2594117330109207	(0.8846971293030699, 0.5864145700124903, 1.0)
0.7495577604989079	1.4093844954578563	(1.0, 0.1313772891411909, 0.0)
0.7372044712718719	1.4155701955351383	(1.0, 0.15984652769892255, 0.0)
0.6435933399629563	0.5104370230566702	(1.0, 0.3142394064401364, 0.5423499950845783)
0.6617911686501203	0.4694020109993137	(1.0, 0.2980924244219112, 0.5650431377944616)
0.6323696240070715	0.34982383692969643	(1.0, 0.331711611536654, 0.6287247149265911)
0.660316241473742	0.3911709154035968	(1.0, 0.30336190522437534, 0.6071477706188831)
0.6286086411746193	0.43232005808105534	(1.0, 0.3313560870766195, 0.5841953889055811)
0.6440518681211653	0.40114433560867746	(1.0, 0.318633302328293, 0.6013841186058214)
0.6692810982825665	0.4491065668916591	(1.0, 0.291297099318064, 0.5761868790389594)
0.6472057608461941	0.41289632690248346	(1.0, 0.3151050377899673, 0.5951331225293274)
0.6030523202935357	0.38856111524016396	(1.0, 0.35493398508781043, 0.6071743445764625)
0.6139461099100003	0.3387967551006018	(1.0, 0.34810401089130855, 0.6342376245613399)
0.7371315728536656	1.3888534353749555	(1.0, 0.16053175653014942, 0.0)
0.7362937810668383	1.421702841650078	(1.0, 0.16163092475183125, 0.0)
0.7406819046069906	1.4239658823776198	(1.0, 0.1521886380721878, 0.0)
0.7432663575359445	1.452025782947467	(1.0, 0.14579317094351232, 0.0)
0.7434897280925531	1.424881577400979	(1.0, 0.1458197701340954, 0.0)
0.7613056890517368	1.4293205856627818	(1.0, 0.09606423440914186, 0.0)
0.7426509931620233	1.4309280498940633	(1.0, 0.14762388063076645, 0.0)
0.7419462033835981	1.4278043856048577	(1.0, 0.14928687500850446, 0.0)
0.7317909471898472	1.4550809707119388	(1.0, 0.17013324306932417, 0.0)
0.7163565866275435	1.460198130343747	(1.0, 0.1978518999215591, 0.0)
0.7417754056883827	1.4232523181227918	(1.0, 0.14976358003249837, 0.0)
0.7445912696875359	1.4589460150470626	(1.0, 0.14255866510274123, 0.0)
0.7450429117691371	1.4549564350927162	(1.0, 0.14156355214807398, 0.0)
0.7707811596712774	1.4275902266518925	(1.0, 0.05609185516680049, 0.0)
0.7350612299881325	1.4223514038674854	(1.0, 0.16415557353779495, 0.0)
0.7370345901153339	1.4448339586154475	(1.0, 0.15965875472802832, 0.0)
0.7585318624919712	1.398784747706654	(1.0, 0.10616661586433102, 0.0)
0.7446950015532866	1.4196975698991663	(1.0, 0.14311396763658252, 0.0)
0.7414740015727554	1.4369913713648752	(1.0, 0.1501676387740191, 0.0)
0.7539094720950769	1.4413030006208483	(1.0, 0.11885487820176507, 0.0)
0.7463115609242476	1.410486052611515	(1.0, 0.13945272684175683, 0.0)
0.7513457585833162	1.4192527744104921	(1.0, 0.12645126901341683, 0.0)
0.765112557074562	1.4640985846025343	(1.0, 0.08077837496713028, 0.0)
0.7445631821690958	1.452210976465515	(1.0, 0.14275682675886878, 0.0)
0.7532080906960911	1.4180261532384268	(1.0, 0.12140374521761249, 0.0)
0.729117805886849	1.440588895287667	(1.0, 0.17553002900846917, 0.0)
0.7532225182402341	1.4223568134080715	(1.0, 0.1212545837283279, 0.0)
0.7479410200587056	1.429352388660798	(1.0, 0.13502008639635907, 0.0)
0.7422690472834316	1.4392754115977262	(1.0, 0.14832794938036248, 0.0)
0.7401828180628222	1.4599993942129412	(1.0, 0.15260797917960553, 0.0)
0.7394167580631494	1.3785539364790689	(1.0, 0.15589699444863403, 0.0)
0.7475127474119558	1.4039996254997384	(1.0, 0.13666188088170195, 0.0)
0.7615437896828603	1.4679136697390294	(1.0, 0.0941006787269045, 0.0)
0.7593707450061962	1.4412803556157845	(1.0, 0.10223210517642531, 0.0)
0.7434170731144194	1.4108719440286812	(1.0, 0.1462827330684903, 0.0)
0.7397327736578533	1.3991948118206743	(1.0, 0.15477379538963568, 0.0)
0.7553599757564626	1.4278920113493685	(1.0, 0.11500641599431571, 0.0)
0.7490788972347857	1.444357716648459	(1.0, 0.13180781633732272, 0.0)
0.7535157646275055	1.4510554812486045	(1.0, 0.11973587519908432, 0.0)
0.7615247855095042	1.4412586757577501	(1.0, 0.09494009046940274, 0.0)
0.7520219939420919	1.4253069887423462	(1.0, 0.12448301642993798, 0.0)
0.7406421564414913	1.4290977744469906	(1.0, 0.1521751711499079, 0.0)
0.7570818602109693	1.4326974416830227	(1.0, 0.10971763402785986, 0.0)
0.7514035298660753	1.4229631101447828	(1.0, 0.12620711599712908, 0.0)
0.7489153602117083	1.4316414185321042	(1.0, 0.13250726760452186, 0.0)
0.7341967399503987	1.4454519810297966	(1.0, 0.16550010609894952, 0.0)
0.7527807466322946	1.415824204639462	(1.0, 0.12264241677740126, 0.0)
0.7280086888699712	1.4517123946876809	(1.0, 0.17744358689271733, 0.0)
0.7403190565054363	1.4394419784895247	(1.0, 0.15268869584788144, 0.0)
0.7530755973568974	1.4246882760696717	(1.0, 0.12160513450886229, 0.0)
0.7543166322807998	1.4597270210086766	(1.0, 0.11725095352083181, 0.0)
0.7737053331933429	1.4234847902188839	(1.0, 0.03879356431983975, 0.0)
0.737353613709521	1.4386615871317898	(1.0, 0.15909846637266373, 0.0)
0.7410585043111085	1.4295421459420325	(1.0, 0.1512423559945807, 0.0)
0.7455031889778824	1.423500885783503	(1.0, 0.14111251646725487, 0.0)
0.7441936845863396	1.4404091859875305	(1.0, 0.14386242200413013, 0.0)
0.7615804511056615	1.4297320527159965	(1.0, 0.09509493143237813, 0.0)
0.7561207189197048	1.4031223617045905	(1.0, 0.11342941635313653, 0.0)
0.7518308438672938	1.4195185572532478	(1.0, 0.12514152240184417, 0.0)
0.7501284171777238	1.4244252132398016	(1.0, 0.12954297033392062, 0.0)
-1.6876790547174962	0.14316395033554022	(0.0, 0.9354215419867893, 0.7104435649144848)
-1.6337174365942142	0.11624150954897766	(0.0, 0.9309428103864295, 0.7260975859305216)
-1.7608624637385677	0.2095893273909046	(0.0, 0.9408041780067782, 0.6720930056077017)
-1.752174949175014	0.2063183045958149	(0.0, 0.9401102748282437, 0.6740264455005671)
-1.745680592152061	0.19667585054150644	(0.0, 0.9396940016705089, 0.6795767407232519)
-1.7289268878860955	0.18986025822663605	(0.0, 0.9383465290708328, 0.6835880405027532)
0.4760320391494539	-0.7609221674416107	(1.0, 0.501765655152795, 1.0)
0.4911528822644151	-0.7747740862532789	(1.0, 0.4950235199531318, 1.0)
0.4683227862528625	-0.7117771280686286	(1.0, 0.5021854954444069, 1.0)
0.47860955824907814	-0.678198614471757	(1.0, 0.4945947667602891, 1.0)
0.4408573096873972	-0.7772110742636389	(1.0, 0.5202458883950639, 1.0)
0.45238144632916466	-0.7010559467502144	(1.0, 0.5094083600029632, 1.0)
0.47463210958863533	-0.770601258534414	(1.0, 0.5031729914820946, 1.0)
0.474788608727652	-0.7699170788669818	(1.0, 0.503044461820101, 1.0)
-1.6668967619038362	0.1506578146021188	(0.0, 0.9334368904601019, 0.7063453331114098)
-1.6808649619413827	0.17525705663584984	(0.0, 0.9343200457982429, 0.6922652318870365)
-1.7193526923207854	0.2032552827811986	(0.0, 0.9373147556537179, 0.6760252238137875)
-1.728604767506594	0.2075521208924273	(0.0, 0.9380591219334624, 0.6735025536317006)
-1.6992839013824572	0.17772471431041417	(0.0, 0.9359256685777152, 0.6907215626570947)
-1.6955146048923482	0.1660078445436699	(0.0, 0.9357681950011577, 0.6974128344783475)
-1.6743509393906626	0.13875840386889568	(0.0, 0.9342951551004781, 0.7130407653099299)
-1.6655169457063828	0.14232773154466527	(0.0, 0.9334413654142429, 0.7110817643478867)
-1.7313258101519962	0.1883778814041593	(0.0, 0.9385767667934106, 0.6844144934847258)
-1.707002150379907	0.15836852838530888	(0.0, 0.9369011808339915, 0.7016684636647071)
-1.7553253323189246	0.18982131278436332	(0.0, 0.940620838416781, 0.6834122241764168)
-1.7384085229648942	0.2081217081239224	(0.0, 0.9389005099564149, 0.6731021366783556)
-1.6930224627442763	0.1821381829564123	(0.0, 0.93530329144543, 0.6882578828153872)
-1.71274783879155	0.18158223050386893	(0.0, 0.9370559577670131, 0.6884244808906395)
-1.7366038406638835	0.1808006883880021	(0.0, 0.9391463996936635, 0.688690451353485)
-1.7023270267771977	0.18365502668680664	(0.0, 0.9361063519124089, 0.6873236034008702)
-1.703293716079752	0.18076528651652551	(0.0, 0.9362350367107181, 0.6889610161616758)
-1.7097885030414288	0.19595503503897385	(0.0, 0.9365824490435692, 0.6802608868341259)
-1.7067079045098856	0.20047315676724115	(0.0, 0.9362444728101655, 0.6777092917904)
-1.7216978330937664	0.182986746727313	(0.0, 0.937818844255295, 0.6875574112910228)
-1.7379203340900378	0.19272012197379196	(0.0, 0.939083527438446, 0.6818904322003713)
-1.717878312391899	0.1785239988741494	(0.0, 0.9375515809025772, 0.6901265052543512)
0.44185131739223377	-0.8458696921313613	(1.0, 0.5246379937658417, 1.0)
0.46253782383961767	-0.8100315189551233	(1.0, 0.5120589238788449, 1.0)
0.4595203818175316	-0.7339248026000451	(1.0, 0.50813595570128, 1.0)
0.45288249792313656	-0.7168098909942312	(1.0, 0.5102356958864674, 1.0)
0.45609554320085377	-0.7817983533884376	(1.0, 0.5131925611495348, 1.0)
0.475958970270565	-0.7517786620647627	(1.0, 0.5011451090492088, 1.0)
-1.7212261290555668	0.16333824296264887	(0.0, 0.9380732492653205, 0.6987391142115069)
-1.7246593682657867	0.1687042225103462	(0.0, 0.9382914021749952, 0.6956626571773046)
-1.735187764411332	0.18499169115089195	(0.0, 0.9389615864931369, 0.686314371584495)
-1.7269185416716601	0.21541980214053252	(0.0, 0.9377984655796523, 0.6690241591973641)
-1.7569744544689307	0.19959504632416245	(0.0, 0.9406181589519165, 0.6778267079927788)
-1.7247652594368943	0.17657962825881465	(0.0, 0.9381821389587389, 0.6911814974054389)
-1.733718514973444	0.19308649446168258	(0.0, 0.9387146534062509, 0.6817133436278545)
-1.7449635247911737	0.22100122214948942	(0.0, 0.9392799133663106, 0.6656953015755804)
-1.7031894503183582	0.15454915387854548	(0.0, 0.9366232088231308, 0.7038662349298301)
-1.7080209451058437	0.17002385719835192	(0.0, 0.9368137944715014, 0.6950359968329342)
-1.7053832160094078	0.18791173501857258	(0.0, 0.936313061812622, 0.6848767462101384)
-1.72426858304514	0.1828231824466305	(0.0, 0.9380455555840531, 0.6876312014089402)
-1.7087861713724983	0.18973990260802673	(0.0, 0.9365860447967082, 0.6838095781743581)
-1.7152963122884644	0.17074823564771685	(0.0, 0.9374422703163807, 0.6945697097708174)
-1.717797410868104	0.2065375691159437	(0.0, 0.9371307091177493, 0.6741648926741465)
-1.680400573176841	0.1575396851102662	(0.0, 0.9345480239358172, 0.7023372334987086)
0.454623299809583	-0.7960431549882584	(1.0, 0.5149264473070057, 1.0)
0.4683768051471655	-0.7894515675094066	(1.0, 0.5076753629945584, 1.0)
0.44319633607071884	-0.8207035702579474	(1.0, 0.5221939284842987, 1.0)
0.46946060536676754	-0.8084078818990521	(1.0, 0.5085154868901337, 1.0)
0.480668386387224	-0.6865977688216501	(1.0, 0.4941142644892638, 1.0)
0.4868048967695321	-0.7224833548901339	(1.0, 0.4934706059761918, 1.0)
0.470374420566615	-0.7013333817817091	(1.0, 0.5004198477983111, 1.0)
0.43265123281092527	-0.7639636263111503	(1.0, 0.5232388257935794, 1.0)
0.4527360341090145	-0.8002848255560265	(1.0, 0.5161472377900208, 1.0)
0.4541510560458772	-0.8328297429519448	(1.0, 0.517806437621827, 1.0)
0.4684522636302842	-0.8245477302251079	(1.0, 0.5102008811192402, 1.0)
0.45402289270810525	-0.8188264272125004	(1.0, 0.5168542369740466, 1.0)
0.45587310353980615	-0.650683126248194	(1.0, 0.5042904384696033, 1.0)
0.4712645251186669	-0.61119535053973	(1.0, 0.49384504951778035, 1.0)
0.4818245053392772	-0.659209152163592	(1.0, 0.4916121413620235, 1.0)
0.45662721955905045	-0.628318328323723	(1.0, 0.5024351553670467, 1.0)
0.4739455530269061	-0.6919832170067189	(1.0, 0.49795004922419367, 1.0)
0.4817718781887653	-0.7087921898375852	(1.0, 0.49510386592914507, 1.0)
0.4728143230433875	-0.6738416942994029	(1.0, 0.4972763066655251, 1.0)
0.4595254073780542	-0.6936196956803136	(1.0, 0.5053543985599425, 1.0)
-1.7229317529310388	0.18992738234969522	(0.0, 0.9378234801718351, 0.6835951640653605)
-1.7297784762631705	0.1864872344058603	(0.0, 0.9384704740512669, 0.6855031448888258)
-1.6980944370691955	0.1913537208662311	(0.0, 0.9356168135711743, 0.6829723307701158)
-1.6686962194079327	0.1526529860962311	(0.0, 0.93356887376347, 0.7051994444066089)
-1.7009415853576662	0.1734724424133358	(0.0, 0.9361365045805506, 0.6931279163956539)
-1.6715067196357039	0.1734222148985743	(0.0, 0.9335053133646025, 0.6933800349787751)
-1.7134220746141684	0.20522429749028512	(0.0, 0.9367660626288308, 0.6749479456776041)
-1.7379734519199956	0.188913662978353	(0.0, 0.9391442951177306, 0.684059236973836)
0.4687174109346107	-0.8044394200045977	(1.0, 0.5085951924184464, 1.0)
0.4594029591160812	-0.7593461287079296	(1.0, 0.5099763339546676, 1.0)
0.4685366868776923	-0.7799896774086887	(1.0, 0.5069120259894092, 1.0)
0.456190072572958	-0.7856685426197937	(1.0, 0.5134215847203029, 1.0)
0.46359126420235497	-0.5668455522326322	(1.0, 0.494907490947236, 1.0)
0.4684308408856124	-0.5568881696978953	(1.0, 0.491770690661207, 1.0)
0.4791304816935769	-0.5563047389599156	(1.0, 0.4861313654531166, 1.0)
0.4737433214549388	-0.548009933121563	(1.0, 0.48843037284154106, 1.0)
0.4673178784302773	-0.5016390858250092	(1.0, 0.4888654631077736, 1.0)
0.4604879009980252	-0.5142071393495323	(1.0, 0.49318903040509005, 1.0)
0.5014059992584955	-0.506607204879721	(1.0, 0.4708425348778668, 1.0)
0.48813052043401556	-0.525574984926566	(1.0, 0.4793333606045748, 1.0)
0.4497340071400112	-0.8272830978878432	(1.0, 0.5195353150480857, 1.0)
0.44723618377993374	-0.8244304413908914	(1.0, 0.5205293737698521, 1.0)
0.4538768931064847	-0.7925924734189832	(1.0, 0.5150438344068565, 1.0)
0.46816080640561625	-0.8081885906271471	(1.0, 0.5091454911749816, 1.0)
0.4637526603068083	-0.8362512426830794	(1.0, 0.5133794011711136, 1.0)
0.44433753344151417	-0.8659801974349168	(1.0, 0.5249191497639774, 1.0)
0.46483527160471494	-0.7570937581106161	(1.0, 0.5071213051943753, 1.0)
0.4498981958144566	-0.8464385824538473	(1.0, 0.5208443222768477, 1.0)
0.4783668187255576	-0.7631799619190618	(1.0, 0.5007426936130891, 1.0)
0.46461658246911564	-0.7741147930403501	(1.0, 0.508442663784841, 1.0)
-1.6893739388559905	0.1853087225791116	(0.0, 0.934930689596698, 0.6864813183832541)
-1.6448193262534145	0.15943326896383636	(0.0, 0.9312874089232176, 0.7015314098384365)
-1.7295529890455292	0.20111387519788076	(0.0, 0.9382354197632106, 0.6771682766363971)
-1.7484231770054255	0.1997515470744026	(0.0, 0.9398844570299467, 0.6778018910509426)
0.4843769439754046	-0.4609582929127197	(1.0, 0.47726766125994974, 1.0)
0.4920732538773914	-0.4936038154709323	(1.0, 0.47513708774565905, 1.0)
0.48000164781540694	-0.467444601087229	(1.0, 0.4800290871844269, 1.0)
0.4848104688635416	-0.4982215387610814	(1.0, 0.47937071244065804, 1.0)
0.48510490789781374	-0.4798323327886829	(1.0, 0.47805145794478604, 1.0)
0.4715398525206162	-0.4996335220880736	(1.0, 0.4865265663964082, 1.0)
0.48090855075010763	-0.4642520173231376	(1.0, 0.479344125532774, 1.0)
0.49759129806692703	-0.43641270903518203	(1.0, 0.46848394438563884, 1.0)
0.46361219646554735	-0.6825675053313284	(1.0, 0.5025494831903284, 1.0)
0.4433819430537016	-0.6538614185852456	(1.0, 0.5106881410492298, 1.0)
-1.7244842937881943	0.18977811547196316	(0.0, 0.9379610872962323, 0.683668441082435)
-1.7461574112959508	0.2047639563304885	(0.0, 0.9396168635047089, 0.6749592959399722)
-1.7039036738804332	0.1900939239531071	(0.0, 0.9361499629636914, 0.6836452766137651)
-1.74088042120041	0.17605721714577885	(0.0, 0.9395863485443277, 0.6913590863370872)
-1.7016854986568983	0.17371028369444014	(0.0, 0.9361987626123892, 0.6929870356897734)
-1.7407319970782067	0.19184383701478913	(0.0, 0.939339081522347, 0.6823687011469439)
-1.71668963219645	0.18123039126646442	(0.0, 0.9374070136754782, 0.68859502243009)
-1.7050793218691802	0.18119492538557141	(0.0, 0.9363863701756036, 0.6887029574861746)
-1.7217428249260534	0.19071053040139097	(0.0, 0.9377081095712139, 0.6831580055030364)
-1.7430195971069686	0.2005098685984228	(0.0, 0.9394089974060673, 0.6774102406544618)
-1.7536210957052751	0.2229259845284809	(0.0, 0.9399949548705844, 0.6645280069182893)
-1.7193508520583347	0.1943180741227034	(0.0, 0.9374457767298283, 0.6811205710007814)
-1.7100070598250074	0.19830606083060776	(0.0, 0.9365670860613534, 0.6789192120306408)
-1.71847625991627	0.1984633194502096	(0.0, 0.9373082544425576, 0.6787644764328681)
-1.7398763335163963	0.19961647125470405	(0.0, 0.9391511469281342, 0.6779436605314115)
-1.7547910225376024	0.19847597255580585	(0.0, 0.9404481581075903, 0.6784814907974178)
-1.735027213391644	0.21893614769238584	(0.0, 0.9384519406233097, 0.6669525154390074)
-1.7390368598534134	0.1946969216722142	(0.0, 0.9391508481237736, 0.6807551825627941)
0.46262601689701455	-0.5863029468954479	(1.0, 0.4966547053962009, 1.0)
0.47671984679058466	-0.5625740879131023	(1.0, 0.48780938483599606, 1.0)
0.48966126529248233	-0.5275790478603862	(1.0, 0.4786365690501195, 1.0)
0.46901404518275863	-0.49886250154424744	(1.0, 0.4878054670042499, 1.0)
0.4812756253103154	-0.5012052306326356	(1.0, 0.4814577325136106, 1.0)
0.4830137542151456	-0.5017670734040991	(1.0, 0.4805617161765366, 1.0)
0.495816637225759	-0.5155091480233809	(1.0, 0.47450217664873334, 1.0)
0.49070560150730774	-0.5277735332597855	(1.0, 0.47808402183445403, 1.0)
0.5027181617887867	-0.4618779637830228	(1.0, 0.46722631073141613, 1.0)
0.46917038712817033	-0.5059300474049061	(1.0, 0.4881632052209994, 1.0)
0.4829581631136967	-0.5476584036728658	(1.0, 0.4835386109267041, 1.0)
0.46886786951596415	-0.5228472209121485	(1.0, 0.48938098819791104, 1.0)
0.468211245238719	-0.5048706755287629	(1.0, 0.4885992287796244, 1.0)
0.4787462988086106	-0.4375448416743818	(1.0, 0.4788717722293245, 1.0)
0.49240500560843264	-0.5141042468446783	(1.0, 0.47627438330342214, 1.0)
0.4773273470267416	-0.476458940542632	(1.0, 0.4820188725874613, 1.0)
0.48903422819962755	-0.5048690892501734	(1.0, 0.47751155453735733, 1.0)
0.4776783878395805	-0.488663052629947	(1.0, 0.48259086296069137, 1.0)
0.4953583400453106	-0.5032888607686461	(1.0, 0.473961291798953, 1.0)
0.4768023499461944	-0.47850461236426495	(1.0, 0.4824256814248838, 1.0)
0.5021453821577339	-0.4583020354061819	(1.0, 0.46731927672018475, 1.0)
0.47383670855513893	-0.5165997579367102	(1.0, 0.4863808682281084, 1.0)
0.4916911464354304	-0.5098235569495946	(1.0, 0.4763865815043649, 1.0)
0.4694179143325527	-0.47339549654108126	(1.0, 0.4860236381440986, 1.0)
-1.728459647993013	0.2291081521290276	(0.0, 0.9377364594264687, 0.661189430475861)
-1.746476698876078	0.19589336118879153	(0.0, 0.9397738724922798, 0.6800169292299039)
-1.7231122256735432	0.1595106467183871	(0.0, 0.9382960391218894, 0.700900827390842)
-1.7162673798152626	0.1909564800254993	(0.0, 0.9372254230865924, 0.6830595136944713)
-1.7358136702208813	0.2097324654984245	(0.0, 0.9386528073795679, 0.6722026244851396)
-1.744429562327772	0.19566888720187353	(0.0, 0.9396012211523554, 0.6801603476157739)
-1.7484240932586872	0.22982123532387	(0.0, 0.9394515748564627, 0.6606248191381601)
-1.7616265171513585	0.1999377476459128	(0.0, 0.9410092853568094, 0.6775962503087628)
-1.5878188211632012	0.08086317883463924	(0.0, 0.927211718652781, 0.7464348086567478)
-1.5813309298347826	0.0959587291853211	(0.0, 0.9263414344000798, 0.7379552647699416)
-1.7376422551629627	0.19939544162258716	(0.0, 0.9389614813905165, 0.6780866837497018)
-1.7317825224449557	0.2075156410172751	(0.0, 0.9383356741353522, 0.6734989154737183)
-1.7386348948900687	0.21163033642125392	(0.0, 0.9388692390555292, 0.6710974091214835)
-1.7159657919753892	0.1982223719064249	(0.0, 0.9370918528018042, 0.6789210988460882)
-1.7572357068389235	0.20369069616780994	(0.0, 0.9405807645541369, 0.6754878146885357)
-1.7362751237957226	0.19839343884115257	(0.0, 0.9388579692310743, 0.6786684873765557)
-1.7269762093930163	0.21610018869296535	(0.0, 0.9377936738267949, 0.6686351398621416)
-1.7575156225938295	0.19981800292829063	(0.0, 0.9406610495318494, 0.6776954450276973)
-1.7186222053152547	0.19234596774617052	(0.0, 0.937411125826254, 0.6822499205753964)
-1.6890925810981465	0.1993848179376236	(0.0, 0.9346968759953428, 0.6784664484830268)
-1.7115341188137656	0.18334638065299932	(0.0, 0.9369229617710428, 0.687429400788387)
-1.7070227794656312	0.19119641666167816	(0.0, 0.9364090213937052, 0.6829934139507762)
-1.7363427915877048	0.19387848714698616	(0.0, 0.9389301262362203, 0.6812420824110389)
-1.725767865755403	0.16794449682635482	(0.0, 0.9383994100785417, 0.6960865265229472)
-1.7169638904156552	0.1728920886233735	(0.0, 0.9375560775689132, 0.6933378408911305)
-1.6833627062576644	0.14636311883821843	(0.0, 0.9349859779019531, 0.7086600507827824)
-1.750779845198253	0.19529464350167955	(0.0, 0.9401517030903483, 0.6803259552489473)
-1.7530022463298969	0.2075569232848625	(0.0, 0.9401630885170618, 0.6733131150292563)
-1.7173424006565137	0.17891008443728332	(0.0, 0.9374988816938161, 0.6899107980894014)
-1.7180553443077295	0.20895093491977226	(0.0, 0.9371181795454541, 0.6727858639942239)
-1.7252246034645233	0.21132557841191188	(0.0, 0.9377100935567112, 0.6713749561170159)
-1.7117728958777745	0.19451000317554232	(0.0, 0.9367783542725866, 0.6810691436221551)
-1.706662593622061	0.19384452636231522	(0.0, 0.9363380791309343, 0.6814875373304371)
-1.7139561307765279	0.21799243596504322	(0.0, 0.9366277733406022, 0.6676562321192097)
-1.7113957966598357	0.18654862619173418	(0.0, 0.9368631125060571, 0.6856071802118563)
-1.7248101077218194	0.16711182280990905	(0.0, 0.9383286006377849, 0.6965671327588132)
-1.7678662612119778	0.1951428976845558	(0.0, 0.9416086998225489, 0.6802847795673038)
-1.7351523992417561	0.21565620877222558	(0.0, 0.9385099657935494, 0.6688252408769313)
-1.7323612217326902	0.19570612315062375	(0.0, 0.9385584650760534, 0.6802303998002741)
-1.7235408628272688	0.1863359243039518	(0.0, 0.9379298567500648, 0.6856363317179238)
-1.7371126873810403	0.19684945713091614	(0.0, 0.9389530268810161, 0.6795425250921214)
-1.7462630586727848	0.20685079416727092	(0.0, 0.9395956192812196, 0.6737674939852255)
-1.7338565907319485	0.18373023227303575	(0.0, 0.9388650961601964, 0.6870427783241084)
-1.7067188345438546	0.17120391370598778	(0.0, 0.9366811952556205, 0.6943746735008764)
-1.680973975938866	0.1595611429885231	(0.0, 0.9345684720464073, 0.7011848462094791)
-1.7118671017302876	0.20000396463225562	(0.0, 0.9367058003532962, 0.6779369495935794)
-1.7037196458256199	0.18597404367858816	(0.0, 0.9361949242757979, 0.6859927836935231)
-1.7268201673331582	0.2025260685257977	(0.0, 0.9379771057239333, 0.6763837468928434)
-1.7177407884074696	0.18972009766975376	(0.0, 0.9373728082714885, 0.6837526468249431)
-1.715033484066027	0.20432066702765564	(0.0, 0.93692073655149, 0.6754509008100542)
-1.7115433520036252	0.20251901166434738	(0.0, 0.9366404672207591, 0.6765053966468922)
-1.7301090108155273	0.20635044633506167	(0.0, 0.9382073304081717, 0.6741767011726523)
-1.780422465324958	0.2177406649442326	(0.0, 0.9423402489841036, 0.667287421794369)
-1.7587637993595542	0.218986051497836	(0.0, 0.9404903054862662, 0.6667406642705485)
-1.7859813597594967	0.22566555455968873	(0.0, 0.9426933178974007, 0.6627127595988513)
-1.7806461110890932	0.21620022124572727	(0.0, 0.9423810739943703, 0.6681662877644441)
-1.775311613208343	0.24110294418321945	(0.0, 0.9415798694618802, 0.6539553622276126)
-1.7878010804247273	0.24210396872952253	(0.0, 0.9426143053468979, 0.6532845443986425)
-1.7810770073532747	0.2192093409410629	(0.0, 0.9423742100262745, 0.6664427974248064)
-1.7866301755298895	0.23725972038724766	(0.0, 0.9425841305470626, 0.6560696626272958)
-1.781939879704923	0.21621593864674757	(0.0, 0.9424894173403563, 0.6681475266016237)
-1.7767454737773964	0.23484755664341161	(0.0, 0.9417884073804016, 0.6575276708629961)
-1.7904233021652505	0.22174621168500788	(0.0, 0.9431200507245507, 0.6649212342768891)
-1.801400196977222	0.22337292065854633	(0.0, 0.9440090799957125, 0.6639077500614919)
-1.785864936377286	0.23788621025139636	(0.0, 0.9425113240086263, 0.6557166405374381)
-1.7848675648570442	0.22634589561344437	(0.0, 0.9425904510618692, 0.6623319595896597)
-1.772036660180743	0.2133983982993846	(0.0, 0.9416963900007257, 0.6698325765744781)
-1.8027837465817942	0.2552683968438033	(0.0, 0.9436782333607134, 0.6456152014428013)
-1.7665636802302485	0.23030221979637563	(0.0, 0.9409922134790458, 0.66020856448179)
-1.7826540585145603	0.2219388859597192	(0.0, 0.9424675891046091, 0.6648699446239054)
-1.771754213302394	0.20846864385675176	(0.0, 0.9417435889031314, 0.6726506510142605)
-1.78027391321767	0.2300166410269745	(0.0, 0.94215326560749, 0.6602663275646052)
-1.774549868217764	0.24527134047173507	(0.0, 0.9414574708488073, 0.651572065968009)
-1.7917968359009468	0.23127017757646226	(0.0, 0.9430997054689028, 0.6594604330861065)
-1.795552286366514	0.21074764003960067	(0.0, 0.9437043451593947, 0.6711704931048064)
-1.81117571365725	0.21260442402534507	(0.0, 0.9449691012095627, 0.6699932506627588)
-1.788140675809759	0.20633154795204856	(0.0, 0.9431505810068533, 0.6737483832700388)
-1.807776407656526	0.22215177945963677	(0.0, 0.9445531282857101, 0.6645585249542955)
-1.7773768748261158	0.2222381448252748	(0.0, 0.94202004760295, 0.6647389624901109)
-1.7620382274605038	0.22355701272158698	(0.0, 0.9407037394032411, 0.6641022518585513)
-1.7739808344046732	0.23067305330246737	(0.0, 0.941614250306737, 0.659939026263639)
-1.7818766727634363	0.22620881959819877	(0.0, 0.9423417134433346, 0.6624332252962021)
-1.780486739455759	0.2103310186717885	(0.0, 0.9424520038757943, 0.6715212459165257)
-1.7792398753100551	0.229261976866817	(0.0, 0.9420770462638479, 0.6607062135689237)
-1.7756759644042428	0.22164602623947272	(0.0, 0.9418852706365416, 0.6650905540176216)
-1.7713916274257993	0.22073093003058894	(0.0, 0.9415368605185078, 0.665646512204116)
0.4883588666912836	-0.32720290570405164	(1.0, 0.4670867311413089, 0.9935756527481884)
0.5094858209281043	-0.34936799782823375	(1.0, 0.45640329834909993, 1.0)
0.5167214185462892	-0.3509813894281472	(1.0, 0.4522914468104842, 1.0)
0.49967200284134716	-0.30753661843092556	(1.0, 0.45957263055507797, 0.9828842451786518)
0.507458302460871	-0.3028368131255407	(1.0, 0.454819797811638, 0.9803943314042952)
0.5018771698251092	-0.3503724802710552	(1.0, 0.46082759324202865, 1.0)
0.479571601284341	-0.3353581824448698	(1.0, 0.47240856523553293, 0.997964960409648)
0.5181130745366741	-0.27547825371493756	(1.0, 0.446967668905128, 0.9654905145736111)
0.48016272672067684	-0.5117622155519042	(1.0, 0.4827211050907611, 1.0)
0.4701396172583503	-0.5366687326684587	(1.0, 0.4895909814373977, 1.0)
0.47772033379725887	-0.5030616100178493	(1.0, 0.48347143596827463, 1.0)
0.4808291771862102	-0.5167864025829874	(1.0, 0.482685324842046, 1.0)
0.4650770300498283	-0.59983020265146	(1.0, 0.49627977747562074, 1.0)
0.4628374119488753	-0.5696952947659538	(1.0, 0.4954771088796161, 1.0)
-1.7448011760809072	0.1956580044949466	(0.0, 0.939633338047998, 0.6801637514000599)
-1.7373190766385476	0.17940177308735597	(0.0, 0.9392290713519195, 0.6894815966230762)
-1.763802973426724	0.21498391575249096	(0.0, 0.940976379582424, 0.6689892121150329)
-1.745163455155023	0.19630930345263573	(0.0, 0.9396549288357016, 0.6797896541345498)
-1.723286023369065	0.1846388073036441	(0.0, 0.937932852211797, 0.6866047538264181)
-1.7599887865700696	0.20988881592790956	(0.0, 0.9407254978796638, 0.6719286129843877)
-1.7523417135330965	0.2115021634008374	(0.0, 0.9400495085425358, 0.6710655139244126)
-1.718339618595625	0.16369952224191087	(0.0, 0.9378154994390978, 0.69855504588564)
-1.6633554904638772	0.19626154403599286	(0.0, 0.9324249574351042, 0.6804475484893898)
-1.709989449535991	0.226342062132834	(0.0, 0.9361589673595527, 0.662917100294875)
-1.7134239417830643	0.19522358686013166	(0.0, 0.9369129205364891, 0.6806498428403097)
-1.6912798782884437	0.16524014705772738	(0.0, 0.935403111541591, 0.6978809293331296)
-1.7764282219570473	0.21349164392112036	(0.0, 0.9420653263927958, 0.6697460837665273)
-1.7928133448699486	0.192419470868891	(0.0, 0.9437424706599425, 0.6816540788100283)
-1.7921276202924994	0.2542530178498171	(0.0, 0.9428070863295529, 0.6462815528762638)
-1.7812452838036483	0.24950765578361156	(0.0, 0.941962130167965, 0.6490901056847251)
-1.7787613550783947	0.1945676582275262	(0.0, 0.9425359726605202, 0.6805320922522033)
-1.7753085328995875	0.22212537794478548	(0.0, 0.9418474802306014, 0.6648192306679211)
-1.775153048795991	0.21564922319838034	(0.0, 0.9419269502423294, 0.6685227839189067)
-1.786864451779281	0.22586733184731972	(0.0, 0.9427643189023669, 0.662590578083462)
-1.7770620729097695	0.22224854429809252	(0.0, 0.9419934059567965, 0.6647354153286942)
-1.775062862614632	0.2474386608700092	(0.0, 0.9414705890002765, 0.6503253250518036)
-1.7803519207134046	0.2243216267473249	(0.0, 0.9422405107554973, 0.663524561757404)
-1.7848515598061896	0.23422223753438	(0.0, 0.942477914284128, 0.6578232377787901)
-1.7715318700781622	0.22388651383028474	(0.0, 0.9415037348463062, 0.6638408871499656)
-1.76590197492721	0.23251132101208852	(0.0, 0.9409048757591508, 0.6589492883028738)
-1.7826207706340582	0.2051290950357677	(0.0, 0.9427061451982068, 0.6744761736227107)
-1.7689697032095486	0.20558683928386048	(0.0, 0.9415499254581445, 0.6743170753798241)
-1.7817850884259865	0.22441706510090137	(0.0, 0.9423594591855496, 0.6634590342595293)
-1.7913737937776992	0.2498820053991397	(0.0, 0.9428045629154033, 0.6487960761868293)
-1.7815544341008298	0.221591782873069	(0.0, 0.9423802966549986, 0.6650768169627077)
-1.789450175533208	0.19649897832755361	(0.0, 0.9434026347118561, 0.6793514547229451)
-1.7811888293784512	0.24476035305297017	(0.0, 0.9420233212372029, 0.6518131132893222)
-1.7871288378976757	0.21883075692292556	(0.0, 0.9428865226417976, 0.666613455086638)
-1.7703007357654201	0.22452410474786688	(0.0, 0.9413906038362094, 0.6634856463252259)
-1.7868780930059829	0.2534230761817155	(0.0, 0.942380130882488, 0.6467991620803275)
-1.780728174351512	0.21078052584282966	(0.0, 0.9424657971049759, 0.671262644620632)
-1.7762078489607582	0.2042139879775475	(0.0, 0.9421806917338451, 0.6750465386610761)
-1.7829525454949455	0.23285851185973153	(0.0, 0.9423379760120124, 0.6586187808205566)
-1.8050733420044713	0.20285837198142886	(0.0, 0.9446066803605476, 0.6756065209388951)
-1.7998073075391967	0.2328790182938113	(0.0, 0.9437428784707214, 0.6584779895420771)
-1.7687211608292173	0.2232050390539906	(0.0, 0.9412757406989303, 0.6642521831101094)
-1.7730919079697007	0.2120868636315905	(0.0, 0.9418043307166882, 0.6705738998999369)
-1.772510435951336	0.2134025763154263	(0.0, 0.9417363297143123, 0.6698266024714142)
-1.7844764448408983	0.21586038387780254	(0.0, 0.9427070910166729, 0.6683316143884073)
-1.7856937100159147	0.2163691467145942	(0.0, 0.9428016923972025, 0.6680316186765296)
-1.7777727135488024	0.20577160429664415	(0.0, 0.942289797501043, 0.6741455414712364)
-1.7894345731674204	0.23506628833197885	(0.0, 0.9428492564697152, 0.6573045717431343)
-1.7862560411454222	0.20907342722301128	(0.0, 0.9429535185908547, 0.6721963933834935)
-1.770382948236178	0.20453352952541173	(0.0, 0.9416847055707375, 0.674907764200183)
-1.7824154009460902	0.23193378498112624	(0.0, 0.9423059598693481, 0.6591523769535111)
-1.762287410374765	0.22562135271826742	(0.0, 0.9406955390321164, 0.6629197039782716)
-1.770927830593187	0.23428122376091745	(0.0, 0.9413055226634316, 0.6578970240423544)
-1.7604388135824995	0.20701317683820913	(0.0, 0.9408054054356394, 0.673567131348432)
-1.7411563079149888	0.19598062129596175	(0.0, 0.9393148110113444, 0.6800073098975958)
-1.7494561230700858	0.2098480948685785	(0.0, 0.9398262440426086, 0.6720320618624243)
-1.7989527063441733	0.21366522214453113	(0.0, 0.9439447191069005, 0.6694777508094559)
-1.7710747760178147	0.20087403985352517	(0.0, 0.9417963411030557, 0.6769912556195311)
-1.7780681427590688	0.240958027969572	(0.0, 0.9418140531905709, 0.6540169352531153)
-1.7885251534574962	0.23717989045275775	(0.0, 0.9427436570576593, 0.6561007874753976)
-1.8095896049838691	0.2497214555884286	(0.0, 0.9443165599495926, 0.6487467470688731)
-1.7921429652725336	0.2250279046689886	(0.0, 0.9432167886541596, 0.6630307764608716)
-1.7717634280177987	0.22513440006554553	(0.0, 0.9415055511542502, 0.6631253311705054)
-1.7685768930669288	0.2286488479458856	(0.0, 0.9411861916830685, 0.6611391580508993)
-1.7845293875343888	0.20637190404340328	(0.0, 0.9428480487782857, 0.6737522586801631)
-1.7829640753210887	0.2460515804901649	(0.0, 0.9421543382361512, 0.6510588792810645)
-1.7945332579716693	0.2204931912055509	(0.0, 0.943480197999816, 0.6656068830021392)
-1.775152217389389	0.22163956217363867	(0.0, 0.941841230992709, 0.6650982453406451)
-1.7848220907063024	0.23241888057535778	(0.0, 0.9425008291390651, 0.658856140107822)
-1.7938054067023634	0.2210281333049305	(0.0, 0.9434120310719261, 0.6653064065717272)
-1.7870882036896507	0.20317414497151748	(0.0, 0.9431083589512341, 0.6755590973952716)
-1.77810145705543	0.23766309310300004	(0.0, 0.9418629937614741, 0.6559045419606826)
-1.7797968695274191	0.2367638544556328	(0.0, 0.9420181699806137, 0.6564065227846441)
-1.7781209107906981	0.22748338992833003	(0.0, 0.9420081326624768, 0.6617326537510998)
-1.7867518349038631	0.20807739729872787	(0.0, 0.9430093340921336, 0.6727616239754892)
-1.773600550253634	0.20071066510807162	(0.0, 0.9420119004881161, 0.6770656288160365)
-1.7681323560496525	0.22719680463777514	(0.0, 0.9411691373583702, 0.6619733980426171)
-1.7776466570101535	0.21061884805794798	(0.0, 0.9422091941348096, 0.6713781779340527)
-1.7740835024935744	0.21706984811397398	(0.0, 0.9418164302442411, 0.6677189511774587)
-1.7822962932466824	0.2350681061112118	(0.0, 0.942251847267546, 0.6573584857067084)
-1.7847062152913322	0.21616529716597724	(0.0, 0.94272196316673, 0.668155591403945)
-1.7747603377720969	0.2185195822673879	(0.0, 0.941852748251963, 0.6668851073653309)
-1.7862715649272296	0.2167261863397198	(0.0, 0.9428449208678983, 0.6678231604236434)
-1.7632180038472922	0.20574904309829192	(0.0, 0.9410600053447519, 0.6742678005870131)
-1.7927027311363863	0.2010004141606377	(0.0, 0.9436081626860165, 0.6767584530237147)
-1.7715059457120728	0.2325555168310101	(0.0, 0.9413787126721682, 0.6588805627264043)
-1.7838391772495024	0.24643230288640355	(0.0, 0.9422224211333102, 0.6508337191611748)
-1.7736125793743236	0.22983047427765316	(0.0, 0.9415950923382105, 0.6604241199795384)
-1.778275774114798	0.23961160482636512	(0.0, 0.9418503570941792, 0.6547868519206931)
-1.7808826606371602	0.22016276489157058	(0.0, 0.9423442879813682, 0.6658991165559546)
-1.7790852462293454	0.2369242351695958	(0.0, 0.9419561023657866, 0.6563201631739267)
-1.7850426824374503	0.22398365334619905	(0.0, 0.9426386314813562, 0.6636821686466187)
-1.7700155593382858	0.2331297701879653	(0.0, 0.9412446043804954, 0.6585633491105364)
-1.7889632117525003	0.22197699697657997	(0.0, 0.9429949258820356, 0.6648002804921475)
-1.7680367562986257	0.2309905304049534	(0.0, 0.941107311687609, 0.6598032282250856)
-1.7823345727828974	0.2545099553586246	(0.0, 0.9419844439578067, 0.6462110680623633)
-1.7909179951813	0.24069946465377196	(0.0, 0.9428941639820225, 0.6540654745333853)
-1.7824838644436138	0.22090758606710809	(0.0, 0.9424680100118931, 0.665461039903282)
-1.7782952595945662	0.2144163827053711	(0.0, 0.9422091340579225, 0.6692035574010968)
-1.7837924854250347	0.232241207756991	(0.0, 0.9424170809690747, 0.6589657800280825)
-1.775914152293383	0.24464134847519287	(0.0, 0.941581269775031, 0.6519225573046991)
-1.7719103616484555	0.21513953966098243	(0.0, 0.9416607128243663, 0.6688386443800582)
-1.775602821237757	0.21283395754256498	(0.0, 0.9420052705581998, 0.670128102143115)
-1.786123352158025	0.2315371507636776	(0.0, 0.9426221768379011, 0.6593510005719835)
-1.7763560552025528	0.23110654191238822	(0.0, 0.9418083374593748, 0.6596725871583837)
-1.7963171146713612	0.21269320217258988	(0.0, 0.9437399451170505, 0.670052984797833)
-1.7783219213113726	0.24210642354077494	(0.0, 0.941819360401671, 0.6533568094006246)
-1.780533107119285	0.21154576247492735	(0.0, 0.9424384069407092, 0.670826932716226)
-1.757514601809206	0.23311985315645736	(0.0, 0.9401827795956328, 0.6586662224120342)
-1.7644704842939	0.2265711490895155	(0.0, 0.9408675156381276, 0.6623595618879848)
-1.7900814525213242	0.24516937441576522	(0.0, 0.9427620927529042, 0.6515093428523877)
-1.7925364295798967	0.2134469548236542	(0.0, 0.9434147138917482, 0.669650468461946)
-1.7684742414836179	0.22573970271977895	(0.0, 0.9412187770718452, 0.6628043447007202)
-1.7735528227801312	0.22615652533349012	(0.0, 0.9416421056125069, 0.6625268760629275)
-1.7802426337310606	0.2494731292470709	(0.0, 0.9418783829080895, 0.6491177800956915)
-1.7990521429746853	0.22062356521808568	(0.0, 0.9438536048865589, 0.6654982882505824)
-1.7581978636971987	0.2076830954788067	(0.0, 0.9406048554327501, 0.6732016404467501)
-1.7719376496382135	0.23040216049587908	(0.0, 0.9414455989636153, 0.6601098369604949)
-1.7770432347059772	0.21607850269265566	(0.0, 0.9420799739864775, 0.668263119878514)
-1.7893445028074373	0.23256811331006502	(0.0, 0.9428768632356967, 0.65873599544502)
-1.7763549505541028	0.21519075653585243	(0.0, 0.9420347639535901, 0.6687756939005781)
-1.7579244324768033	0.2251661338002199	(0.0, 0.9403305144717897, 0.6632137616209487)
-1.7799612499671114	0.2295999737101414	(0.0, 0.9421328883955155, 0.6605072215105383)
-1.8055516350525598	0.2313048028417241	(0.0, 0.9442402437114338, 0.6593358997091189)
-1.7668422380150883	0.21181474911196815	(0.0, 0.9412797923422282, 0.6707766467755484)
-1.7791459069583477	0.26025694488718254	(0.0, 0.9416375430448843, 0.6429364519249142)
-1.797720619587045	0.2361465341735673	(0.0, 0.9435239161393676, 0.6566221819465452)
-1.7761764712958596	0.23293531083899646	(0.0, 0.9417674113228848, 0.6586270273462534)
-1.7646854413535675	0.24745301644580528	(0.0, 0.9405922233921851, 0.6503988235835725)
-1.7781110506026439	0.22608964666884812	(0.0, 0.9420270639648562, 0.6625302055901856)
-1.7693553969126796	0.2119093559037217	(0.0, 0.9414912054837873, 0.6707035659314109)
-1.7645312318264554	0.20815921432346435	(0.0, 0.9411365917142077, 0.6728818496463391)
-1.771882825534052	0.20629466350845801	(0.0, 0.941785891713934, 0.673891062431574)
-1.7742262592118048	0.22446672183302088	(0.0, 0.9417229188121762, 0.6634883806961646)
-1.7843343544024184	0.20909392127583776	(0.0, 0.9427924234847969, 0.672199064063358)
-1.8011157112505014	0.19588340625699074	(0.0, 0.944380875763771, 0.6796171221280876)
-1.7584693884424818	0.22242999282536302	(0.0, 0.9404159761935665, 0.6647741749565151)
-1.7647193549547608	0.2552190302968467	(0.0, 0.9404874905968802, 0.6459437304731684)
-1.7693588098283395	0.22988089588422692	(0.0, 0.9412349323888732, 0.6604280772336131)
-1.7929998821376196	0.2533236869049141	(0.0, 0.9428925817565896, 0.6468081991569645)
-1.7714155379394492	0.23310293844126287	(0.0, 0.941363351519256, 0.6585678666951441)
-1.7748764999519044	0.21900539554023907	(0.0, 0.9418555941039687, 0.6666064933967769)
0.4716668463962169	-0.5434013781536277	(1.0, 0.48922213248883145, 1.0)
0.47253676809615675	-0.5118062590747241	(1.0, 0.4867635826723488, 1.0)
0.4514809202921385	-0.7411235828610455	(1.0, 0.512598315526049, 1.0)
0.4519343437952471	-0.7817426327711211	(1.0, 0.5152191658713425, 1.0)
0.4612424860498663	-0.7449150905932603	(1.0, 0.5080495135445986, 1.0)
0.4535599192462593	-0.734511277251712	(1.0, 0.5111208445333335, 1.0)
-1.7311511885509527	0.19262709777138648	(0.0, 0.9384988303379529, 0.6819945897096801)
-1.7399200844263825	0.20011580342610782	(0.0, 0.9391476185271498, 0.6776585334938118)
-1.7495331566822903	0.2316391358198698	(0.0, 0.9395209723567992, 0.6595760025996189)
-1.7717554714071995	0.19847605179473027	(0.0, 0.9418887747939766, 0.6783544690637835)
-1.6895907387332574	0.18209534539165118	(0.0, 0.9349980790797131, 0.6883084954847591)
-1.6869856121783222	0.1561755052563847	(0.0, 0.9351585632960218, 0.7030627467280625)
-1.714012422418394	0.20350597501441955	(0.0, 0.9368430137779147, 0.6759234552290944)
-1.7344031216619094	0.17274379521812133	(0.0, 0.9390766288714625, 0.6932926190723816)
-1.7113154367216152	0.2095970915483015	(0.0, 0.9365171604556785, 0.6724695471764708)
-1.7249400299900708	0.1938192971561383	(0.0, 0.9379411236295606, 0.6813622554191423)
-1.6974026429460523	0.17190464308989709	(0.0, 0.9358464887299045, 0.6940462029967348)
-1.7113197495140822	0.1791799826709276	(0.0, 0.9369663812932632, 0.6898025228075719)
-1.7927993311419865	0.22519901717588095	(0.0, 0.9432690349639035, 0.6629278860752329)
-1.7862290475926061	0.20308324600217909	(0.0, 0.9430378611195234, 0.6756173735641264)
-1.782685300235322	0.24873942470274107	(0.0, 0.9420936417996172, 0.6495195028957539)
-1.7685030676836537	0.22200409416654446	(0.0, 0.9412743954814661, 0.6649406185711746)
-1.7586705455591698	0.2237205727717809	(0.0, 0.9404147132879981, 0.664034677067707)
-1.7811945108732745	0.22224930213429012	(0.0, 0.9423407275441957, 0.6647035049490836)
-1.7680009857699215	0.2103944457115692	(0.0, 0.941398418646849, 0.6715791292654317)
-1.793999356151191	0.2418269056471321	(0.0, 0.9431351816776797, 0.6533954099175726)
-1.77023580736057	0.24035182249508452	(0.0, 0.9411617525006477, 0.6544253674742466)
-1.776468543850974	0.20594193390628207	(0.0, 0.9421776027030234, 0.6740580535719789)
-1.7911387470818758	0.20861574991976448	(0.0, 0.9433677357669563, 0.6724213823186665)
-1.799415076315203	0.2119017379222627	(0.0, 0.9440083361939232, 0.6704822101216374)
-1.7731340170438843	0.22405940306102815	(0.0, 0.9416365638709148, 0.6637297279076361)
-1.801924657990154	0.21893554669119	(0.0, 0.9441155807774715, 0.666442194878147)
-1.76414828573265	0.21802007237894885	(0.0, 0.9409621397537631, 0.6672515336813378)
-1.7745696968236344	0.22067933023970543	(0.0, 0.9418058245358902, 0.665651768560295)
-1.799100707390254	0.19902375509442	(0.0, 0.9441682879883303, 0.6778396429876712)
-1.7740226905013525	0.22135939040342076	(0.0, 0.9417499968200663, 0.6652670763294052)
-1.7804677998151142	0.21277755547765048	(0.0, 0.9424152103172312, 0.6701236354750105)
-1.7750070426520488	0.23414396444038488	(0.0, 0.94165183495527, 0.6579440215544251)
-1.7717386287438608	0.23565687033874663	(0.0, 0.9413546880697365, 0.6571030014998643)
-1.7729035183476207	0.2392656218373675	(0.0, 0.9414024213074059, 0.6550268792277599)
-1.8013841145418936	0.24366024173193715	(0.0, 0.9437228043483743, 0.6522872833566927)
-1.776508830995013	0.22840740795810258	(0.0, 0.9418593674128749, 0.6612162578062584)
-1.7573268018412853	0.20875779569815414	(0.0, 0.9405150367804752, 0.6725946542426624)
-1.7685344420384042	0.21107574998044645	(0.0, 0.9414337519329227, 0.6711859516731773)
-1.783409161764424	0.2215184584673787	(0.0, 0.9425368741579787, 0.6651046610990715)
-1.7804721622838955	0.2160376585153279	(0.0, 0.9423687981869248, 0.6682605199686723)
-1.78096663219213	0.23933412803534415	(0.0, 0.9420804097937241, 0.654924951154798)
-1.7603381378358478	0.22335255697526435	(0.0, 0.940562005322895, 0.6642322623295899)
-1.7661308947254843	0.2265347085365268	(0.0, 0.9410089204216143, 0.6623676035302762)
-1.7873297211223893	0.22509787104654658	(0.0, 0.9428141281252572, 0.6630273078782195)
-1.7811402514770116	0.2226074954127782	(0.0, 0.9423310746748859, 0.664499049453588)
-1.7813670931177181	0.22790681017069767	(0.0, 0.9422748936904535, 0.6614654821785241)
-1.7849124377242798	0.23139270798421419	(0.0, 0.9425228586206374, 0.6594429851426098)
-1.7836933653979032	0.20420979184201274	(0.0, 0.9428093320377644, 0.6749930657004171)
-1.7868911864368198	0.21024120793124412	(0.0, 0.9429897969867848, 0.6715245312044861)
-1.7771272712483794	0.2342803355037103	(0.0, 0.9418285345848489, 0.6578495378888319)
-1.776297641653841	0.23647200832261875	(0.0, 0.9417278564736072, 0.6566007909667552)
-1.7707433245281878	0.21626033513340165	(0.0, 0.9415460357302627, 0.6682069988697936)
-1.7922250370698425	0.23103270483596255	(0.0, 0.9431387350242149, 0.6595931313421542)
-1.7664580733174837	0.22659137264660206	(0.0, 0.941035858379557, 0.6623326660449086)
-1.78677309987965	0.22701136934080732	(0.0, 0.9427404708689441, 0.6619366142955825)
-1.8123860866324022	0.22507157382770784	(0.0, 0.9448911294042392, 0.6628530622530251)
-1.7984180115295334	0.22040938621712045	(0.0, 0.9438040624637615, 0.6656255646681286)
-1.7886866667067574	0.20159889122768412	(0.0, 0.9432647101118918, 0.6764465201324842)
-1.7666484304748717	0.2398618609274463	(0.0, 0.9408647906514662, 0.6547341200972587)
-1.7996796349947517	0.23594175499794695	(0.0, 0.9436893074693534, 0.6567245139688683)
-1.776720284224575	0.23234647919479456	(0.0, 0.941821513490409, 0.6589599519908227)
-1.7992125637019558	0.23371393087358527	(0.0, 0.9436818361900977, 0.6580043158859459)
-1.7890875226404364	0.22986803906971395	(0.0, 0.942893472089521, 0.6602838846194332)
-1.7829270507040722	0.21275995163360462	(0.0, 0.9426217638301526, 0.670115183798311)
-1.7502511279432413	0.19600210523774508	(0.0, 0.9400960405619432, 0.6799265185054115)
-1.7912586732887614	0.22939288087567833	(0.0, 0.9430813268226939, 0.6605393191314369)
-1.7914176024090784	0.23667358105817635	(0.0, 0.9429921482707029, 0.6563685935895001)
-1.780009734041839	0.21367094704659298	(0.0, 0.9423639114672019, 0.6696165942567444)
-1.7696214550830256	0.22701005625851017	(0.0, 0.9412978333859959, 0.6620687729541176)
-1.7665881497269091	0.21479377146554254	(0.0, 0.9412153976489391, 0.6690766534651847)
-1.7739060074942803	0.24804043770888032	(0.0, 0.941364639339683, 0.6499893110182545)
-1.7674052700374887	0.22214844144829277	(0.0, 0.941179363814745, 0.6648664899670064)
-1.7595963027317458	0.21605728658232715	(0.0, 0.9406032266755625, 0.6684080119949632)
-1.7802792102296239	0.22632580817219156	(0.0, 0.9422059545386408, 0.6623784966351512)
-1.771996827254066	0.22730518863308063	(0.0, 0.9414944490328453, 0.6618816396513534)
-1.7692441275930773	0.21598034845524944	(0.0, 0.9414232745635231, 0.668378407056774)
-1.7944225435523598	0.22693078079369156	(0.0, 0.9433796127605854, 0.6619245283622328)
-1.7945944693177336	0.21102654562060877	(0.0, 0.9436207182678068, 0.6710182676921168)
-1.7664418987790993	0.20038982015909748	(0.0, 0.9414114170417744, 0.6773022194922164)
-1.7683611955524556	0.23395332201316607	(0.0, 0.9410929702734582, 0.658104681206469)
-1.7882813441609857	0.22252333604174745	(0.0, 0.9429302123072235, 0.6644929404273896)
-1.7728106693509464	0.2030394296252866	(0.0, 0.9419114127723746, 0.6757424324502797)
-1.7845546025269345	0.2277857803253318	(0.0, 0.9425438502829947, 0.6615103659084366)
-1.7719779749215474	0.2113738286316081	(0.0, 0.9417205716188101, 0.6709896471630553)
-1.7799572401075576	0.2275065228587516	(0.0, 0.9421621743319998, 0.661705346158487)
-1.766875904981855	0.20973550684946196	(0.0, 0.9413126348007443, 0.6719639767787333)
-1.772667193195266	0.22396953454421656	(0.0, 0.9415984378747213, 0.6637847052218047)
-1.7625775801282946	0.2329645450672266	(0.0, 0.9406161614946071, 0.6587156807625526)
-1.7762760283403545	0.20661912702644775	(0.0, 0.9421515970393479, 0.67367282325535)
-1.7749308850568812	0.222918109230716	(0.0, 0.9418043610182182, 0.6643687485680261)
-1.77966986502078	0.21865364778924615	(0.0, 0.9422639854261693, 0.6667711799636545)
-1.7883484400549026	0.22984485183620723	(0.0, 0.9428320739234393, 0.6603028062870814)
-1.7741908959330486	0.21251992202390893	(0.0, 0.9418907956988835, 0.6703181876809403)
-1.7916324685871563	0.22590514533857828	(0.0, 0.9431618156000293, 0.6625326762028093)
-1.7564321580243343	0.2265869990554868	(0.0, 0.9401829817722004, 0.6624126498239135)
-1.764656697246773	0.1967542430877905	(0.0, 0.941313129157744, 0.6793896438291306)
-1.7792695379521823	0.23189442185927225	(0.0, 0.9420423616678875, 0.6591991127489272)
-1.7784000846366161	0.24207683927883453	(0.0, 0.9418263491492422, 0.6533731563186701)
-1.8028958407809053	0.21746990059861107	(0.0, 0.9442168169961712, 0.6672730977922398)
-1.7719775021424065	0.2197846170808261	(0.0, 0.9415998654457871, 0.6661830880013913)
-1.7583903473191933	0.22567025873324462	(0.0, 0.9403630646840709, 0.6629218351569902)
-1.7738271721528136	0.2171963957653739	(0.0, 0.9417929996398974, 0.6676485659360478)
-1.7767454724594351	0.21958740193577164	(0.0, 0.9420047115003034, 0.6662595330085287)
-1.7728718887342807	0.2337941546555719	(0.0, 0.9414766255828094, 0.6581608428763573)
-1.7681114309869608	0.2194115333601715	(0.0, 0.9412782591125631, 0.6664258835876925)
-1.800070643735485	0.22875714425063595	(0.0, 0.943822762819245, 0.6608362362844182)
-1.7797541863382276	0.2388626585385005	(0.0, 0.941985156186581, 0.6552044922323439)
-1.7865525773624182	0.22581258424531367	(0.0, 0.9427390148799717, 0.6626242798364178)
-1.772280382836003	0.20857816559908784	(0.0, 0.9417864333102889, 0.6725841423808501)
-1.7824730771563924	0.214209634800155	(0.0, 0.9425628919181278, 0.6692901861317079)
-1.752074354981173	0.22644672664253893	(0.0, 0.939812431278124, 0.6625266872067641)
-1.7818906517697448	0.2304006725344708	(0.0, 0.9422835694324008, 0.660034090254117)
-1.7803074349064174	0.241524512938592	(0.0, 0.9419944134599021, 0.6536748628040094)
-1.7820027465488049	0.235048720269288	(0.0, 0.9422274914500992, 0.6573718529754029)
-1.7807452374619872	0.23276829043575542	(0.0, 0.9421540262508757, 0.6586874277008185)
-1.7750485642087357	0.23290329382793645	(0.0, 0.9416728148010821, 0.6586540693643735)
-1.7975234375852613	0.24548659196999367	(0.0, 0.9433772547359882, 0.6512697117030332)
-1.785727276892916	0.22038745970653653	(0.0, 0.9427471038947818, 0.6657338901609018)
-1.7691037426400738	0.20437871091745372	(0.0, 0.9415787852194983, 0.6750057444088168)
-1.7803731013239203	0.21365495827201061	(0.0, 0.94239465483204, 0.6696229908257567)
-1.775590055696961	0.2395017014725342	(0.0, 0.9416257458783533, 0.6548707058794281)
-1.7957237365769263	0.2323050210099698	(0.0, 0.9434119821691296, 0.6588378681185763)
-1.7726450939715623	0.2181741500988591	(0.0, 0.9416792599427763, 0.6670986629126899)
-1.7688809195953983	0.21240421681151922	(0.0, 0.9414439355731072, 0.6704244661741807)
-1.7739873263895918	0.2348995124877349	(0.0, 0.9415552016071013, 0.6575192696920642)
-1.7846499804467344	0.23079365340286068	(0.0, 0.9425093304033586, 0.6597879580957783)
-1.7702637959927916	0.22059955253072508	(0.0, 0.9414434084723339, 0.6657302429913241)
-1.7714240673607429	0.22488847579157023	(0.0, 0.9414803753988671, 0.6632686085987826)
0.4764089223710403	-0.6847828044697245	(1.0, 0.4961863700784475, 1.0)
0.4584853301274076	-0.6938679475569463	(1.0, 0.5058906640385036, 1.0)
0.4659416641168633	-0.7664490472021872	(1.0, 0.5072355084347421, 1.0)
0.45679547610977816	-0.7302158733978809	(1.0, 0.5092281422508123, 1.0)
-1.7902181405221185	0.21759820037703195	(0.0, 0.9431620804475889, 0.6672948853352549)
-1.7860126214109324	0.21879255087453423	(0.0, 0.9427937299411765, 0.6666437360744588)
-1.7899119364891904	0.2316075856252996	(0.0, 0.9429377546366624, 0.659281654014253)
-1.7788503741693684	0.2193372732184455	(0.0, 0.9421853514440597, 0.6663865482213872)
-1.7595505738169595	0.238635386735543	(0.0, 0.9402786838901223, 0.6554922623079197)
-1.7797891884734809	0.24912063027057077	(0.0, 0.9418451590690559, 0.649323543360794)
-1.7854473234817672	0.23727406934884074	(0.0, 0.9424849471252069, 0.6560705702129523)
-1.7967793210288636	0.2338810325974563	(0.0, 0.943477537231822, 0.6579271845245065)
-1.794100421744337	0.2090351656595742	(0.0, 0.9436082818179695, 0.6721597209890295)
-1.7842816160488184	0.22458657867659473	(0.0, 0.9425663383955184, 0.6633430343301139)
-1.7688970634670804	0.241900847569763	(0.0, 0.9410267819532494, 0.653548244423928)
-1.7700971816831719	0.21149645160281674	(0.0, 0.9415598869573786, 0.6709338191077198)
-1.779345599442008	0.2338056350198122	(0.0, 0.9420218242995337, 0.6581042351394636)
-1.768090567994777	0.24439804572413146	(0.0, 0.9409236030155586, 0.6521233698638418)
-1.77778004581874	0.2296694047375852	(0.0, 0.9419485170793912, 0.6604842360380293)
-1.7826333052020054	0.22056234452249257	(0.0, 0.9424854626269933, 0.6656573360380665)
-1.7683807387159127	0.20357851316397813	(0.0, 0.9415292250204924, 0.6754679307987944)
-1.7830007001050614	0.19838122762202823	(0.0, 0.9428359924589027, 0.6783250555313449)
-1.7664931450507424	0.23380563507794147	(0.0, 0.9409367521208583, 0.6582037432204861)
-1.7833277954076898	0.22599883231743353	(0.0, 0.9424663798688115, 0.6625422961185545)
-1.757691960321366	0.2245931312278265	(0.0, 0.940318848302881, 0.6635432555243602)
-1.7643503308896813	0.24612785675041915	(0.0, 0.9405822094754587, 0.6511612158982407)
-1.7806126471328088	0.22153321629232894	(0.0, 0.9423020798899661, 0.6651174715451604)
-1.7888942286188392	0.23230258331292938	(0.0, 0.9428430051278713, 0.658891494045633)
-1.7628709507881621	0.2034788525554072	(0.0, 0.9410634830203493, 0.6755662276298434)
-1.7741792791691284	0.23634541650366966	(0.0, 0.9415510643744497, 0.656689724902899)
-1.769093907653265	0.22965387202723966	(0.0, 0.9412157262739734, 0.660560045858841)
-1.784720663734645	0.23060811727097705	(0.0, 0.9425178682613974, 0.6598936314956129)
-1.7547613423916542	0.22324133220936135	(0.0, 0.9400879308206472, 0.6643388921250187)
-1.7891923001644932	0.2392068615851437	(0.0, 0.9427710000911838, 0.6549342223220188)
0.5122222377402489	-0.3070493518168432	(1.0, 0.4522920644910851, 0.9827705217767525)
0.48871091319933896	-0.2675127637250014	(1.0, 0.46352241365526065, 0.9607446959453491)
0.5011129055544445	-0.3406168134129591	(1.0, 0.46068402723193386, 1.0)
0.49978564099723977	-0.2982752248989463	(1.0, 0.4589743227349226, 0.9777904508152092)
0.49575294624678046	-0.33492075384539166	(1.0, 0.46338768134710134, 0.997917681397399)
0.5099442106942078	-0.28076180769459685	(1.0, 0.452091818597575, 0.9682897362386053)
0.5269277630309578	-0.24765684900421964	(1.0, 0.44004662461525235, 0.9503370671835715)
0.4978207435358077	-0.3523111735988769	(1.0, 0.4632432960471537, 1.0)
0.502115788041292	-0.3213831045492222	(1.0, 0.45898054433356256, 0.9905364344503976)
0.5091911722675782	-0.2746275248863829	(1.0, 0.4521790248625593, 0.964910581030248)
0.47580633992420285	-0.39832711657031056	(1.0, 0.47810823688234066, 1.0)
0.4861774148081582	-0.356085413496956	(1.0, 0.46997017363668697, 1.0)
0.5188364170627332	-0.24412188187925737	(1.0, 0.4447258995476657, 0.9482941402965556)
0.5075734374864126	-0.2746351498499867	(1.0, 0.45312352907176073, 0.9648943603569252)
0.5128324194482936	-0.3012458841959583	(1.0, 0.45159342209163594, 0.9795857264446625)
0.5098957039225702	-0.30322870479002334	(1.0, 0.453425897049374, 0.980640006515194)
0.5208576567922591	-0.31812989969058	(1.0, 0.4478620414407635, 0.9889742201971502)
0.5184990206960906	-0.23760648463461456	(1.0, 0.4445563365248407, 0.9447182413904726)
0.5173927235249292	-0.25657111532639626	(1.0, 0.44630193856436334, 0.9551032188501739)
0.5028847407012943	-0.31428782023363205	(1.0, 0.45812557272157467, 0.9866393191489876)
0.5044001607797519	-0.3577723844091771	(1.0, 0.45983092383331764, 1.0)
0.49897450736395715	-0.24898756291368448	(1.0, 0.45665582798699594, 0.9507065873631794)
0.49516774611975617	-0.2567619846233333	(1.0, 0.45926833834255837, 0.9549239293842947)
0.4954353896506197	-0.3525004224971773	(1.0, 0.46459895543236746, 1.0)
0.4689723428387441	-0.7954602193220085	(1.0, 0.5078144353113188, 1.0)
0.4355357855369512	-0.8727023065111572	(1.0, 0.52954910019835, 1.0)
0.4748674707507087	-0.7970930662127116	(1.0, 0.5049825946074754, 1.0)
0.4576644031720784	-0.8557737053291221	(1.0, 0.5177861928891314, 1.0)
0.44608710653879413	-0.8356471238952842	(1.0, 0.5218862014106183, 1.0)
0.46702051580665954	-0.847277656066122	(1.0, 0.5125894161666735, 1.0)
0.4455154833400641	-0.7322454124194595	(1.0, 0.5148959213692779, 1.0)
0.447756729150843	-0.7185211132879692	(1.0, 0.5128670449760451, 1.0)
0.46264408732404	-0.6924790732244814	(1.0, 0.5037138432569894, 1.0)
0.4665285874926692	-0.6726301783807535	(1.0, 0.500397791307242, 1.0)
0.45599091333589065	-0.7760104785673694	(1.0, 0.5128331431562665, 1.0)
0.4460283253226304	-0.7568133201531736	(1.0, 0.5163395645246726, 1.0)
0.4814081297691512	-0.6596840685605966	(1.0, 0.4918619157235396, 1.0)
0.4667248516941888	-0.6765285944216891	(1.0, 0.5005640174587167, 1.0)
0.48713872867100155	-0.47033813316178147	(1.0, 0.47635371926710973, 1.0)
0.46824998733501416	-0.4568098019616851	(1.0, 0.4856298580581225, 1.0)
0.4508730198661219	-0.43819998435232627	(1.0, 0.4935612797237188, 1.0)
0.4798730530317397	-0.4774814294273227	(1.0, 0.48072089469556584, 1.0)
0.46154104107568283	-0.4360674415216752	(1.0, 0.4879098467523923, 1.0)
0.4478129931903348	-0.46175115095471075	(1.0, 0.4965089821355732, 1.0)
0.4770191702310457	-0.4309167007661277	(1.0, 0.4793997167684468, 1.0)
0.45905458489527334	-0.43167740909510033	(1.0, 0.48894816922162426, 1.0)
0.4566981384067867	-0.4372765772280652	(1.0, 0.49050224388710756, 1.0)
0.48017514517468857	-0.45058804304748806	(1.0, 0.4788977855777988, 1.0)
0.45110483735319823	-0.6080108989923422	(1.0, 0.5038830381119873, 1.0)
0.4724440791922744	-0.6400535865445491	(1.0, 0.49516658700785915, 1.0)
0.4901748295412561	-0.5201264304398474	(1.0, 0.4778755110701292, 1.0)
0.4976979056364822	-0.4819716178855859	(1.0, 0.4713025507433192, 1.0)
0.4927914142682581	-0.47052924917003786	(1.0, 0.47327809544343374, 1.0)
0.4960753970396368	-0.45199534828352467	(1.0, 0.4703004828436094, 1.0)
0.4608902993110674	-0.48936573166296754	(1.0, 0.49145356377939503, 1.0)
0.4802688301643875	-0.5382083378542385	(1.0, 0.48435677830834206, 1.0)
0.48701105023038327	-0.43758968415165594	(1.0, 0.4743925925176234, 1.0)
0.4372795214238189	-0.48789872577811766	(1.0, 0.5033597511679223, 1.0)
0.4682158266878195	-0.4510690663102881	(1.0, 0.485301174709969, 1.0)
0.4878066554781279	-0.49100337324729204	(1.0, 0.4772934350949473, 1.0)
0.48124889874099225	-0.45217511030073604	(1.0, 0.478416392391986, 1.0)
0.456701410310488	-0.49676101867800754	(1.0, 0.4940654197358965, 1.0)
0.4691868445899315	-0.31996825643568255	(1.0, 0.47718391002696653, 0.9893586901280677)
0.4697504127472755	-0.33484972165192134	(1.0, 0.477712760915642, 0.9975674684548591)
0.4775828411839389	-0.3741346664305972	(1.0, 0.47572877224722804, 1.0)
0.4748971897903134	-0.38880302100176145	(1.0, 0.4780380935157215, 1.0)
0.4575296301844723	-0.47750351118239126	(1.0, 0.4924704876053358, 1.0)
0.45486687996820435	-0.4477244929063843	(1.0, 0.49206560091625035, 1.0)
0.48081624283075447	-0.44301664053371176	(1.0, 0.478088959428106, 1.0)
0.49316124867814254	-0.4800755555810521	(1.0, 0.47367967199156397, 1.0)
0.46158701922860745	-0.46737943874533383	(1.0, 0.48975738563998966, 1.0)
0.47474164781612693	-0.45818649044784043	(1.0, 0.48227340927334567, 1.0)
0.4705241356047257	-0.42530291433986167	(1.0, 0.4825348426630908, 1.0)
0.4583380307167307	-0.3752825498920037	(1.0, 0.4860621895689227, 1.0)
0.45860561883369594	-0.4463515568744449	(1.0, 0.49004888757187587, 1.0)
0.4886116253195686	-0.3832023223416981	(1.0, 0.47022366359647677, 1.0)
0.4780622201300246	-0.4329481670337388	(1.0, 0.47896153442942174, 1.0)
0.48065020246247586	-0.3986632982599585	(1.0, 0.4755067560817528, 1.0)
0.4916872917519945	-0.4700270759175045	(1.0, 0.47385199341506895, 1.0)
0.46617655501800603	-0.47344447100482595	(1.0, 0.4877291950029489, 1.0)
0.45707365549851864	-0.45064538547464483	(1.0, 0.49109809010175515, 1.0)
0.47443334738874315	-0.45086239247403287	(1.0, 0.48199137617084437, 1.0)
0.4697895781886786	-0.49900959426498465	(1.0, 0.4874077864571566, 1.0)
0.46775778728764883	-0.4611531701203768	(1.0, 0.48615208222739265, 1.0)
0.4686168793428288	-0.4889767674090978	(1.0, 0.4874020358714762, 1.0)
0.4685867518490788	-0.4495511794684376	(1.0, 0.48501394102943657, 1.0)
0.4606877002617762	-0.48593988683268646	(1.0, 0.4913495392586959, 1.0)
0.47746198355951064	-0.4541726231923135	(1.0, 0.4805746146078646, 1.0)
0.49295319912930463	-0.4953770502072878	(1.0, 0.47476965354238404, 1.0)
0.4827422721646083	-0.5038044562096128	(1.0, 0.4808365759045728, 1.0)
0.4808539950691762	-0.48051432326168275	(1.0, 0.48038386905950453, 1.0)
0.46545239650772363	-0.5968732541575342	(1.0, 0.49589419993560263, 1.0)
0.4586624465033673	-0.5075758417406897	(1.0, 0.493719812826588, 1.0)
0.4734980656851891	-0.5115000006695135	(1.0, 0.48623799273174323, 1.0)
0.4541993315674494	-0.6549693172803538	(1.0, 0.5054113135733935, 1.0)
0.4603621784085484	-0.568618031002731	(1.0, 0.4966753431449505, 1.0)
0.4623147989616134	-0.6233163279495069	(1.0, 0.49923119113791065, 1.0)
0.46898789134202845	-0.6143919534220287	(1.0, 0.49523037292704947, 1.0)
0.46563677727806474	-0.6548843781018013	(1.0, 0.4996484401688996, 1.0)
0.47357087476534987	-0.6581285637798866	(1.0, 0.49581246558591235, 1.0)
0.4675162045790929	-0.4538932275260354	(1.0, 0.4858402358919269, 1.0)
0.487424334343532	-0.46210134533828023	(1.0, 0.4756837583763874, 1.0)
0.4909330983135913	-0.43417918018915713	(1.0, 0.4720320855192301, 1.0)
0.47035815061678826	-0.4357212007263777	(1.0, 0.4832452997400167, 1.0)
0.4748708159675322	-0.42888358874752686	(1.0, 0.4804296818811415, 1.0)
0.47596243416047074	-0.43112630820827175	(1.0, 0.47997957874457914, 1.0)
0.48301702481173775	-0.4363780233696782	(1.0, 0.4764927621303013, 1.0)
0.4639418656159868	-0.4228717564525807	(1.0, 0.48587159588808787, 1.0)
0.46517608209233896	-0.5062570401085875	(1.0, 0.49026853494828454, 1.0)
0.46691879046447443	-0.5298812377050716	(1.0, 0.4908392407021323, 1.0)
0.449361150868734	-0.4685239069117333	(1.0, 0.49612161544892514, 1.0)
0.4918150484768041	-0.5699487658714016	(1.0, 0.48026213928507694, 1.0)
0.47605484983832574	-0.3072339986227563	(1.0, 0.4727470238251655, 0.9824288909293598)
0.48259906647478507	-0.33389798067237236	(1.0, 0.4706620839064069, 0.9971961949929399)
0.4688587551248281	-0.5336640546945502	(1.0, 0.49006849869980723, 1.0)
0.47219643285158275	-0.5540414995822983	(1.0, 0.4896276168901135, 1.0)
0.47424983389037256	-0.42625827241046066	(1.0, 0.4806046378215561, 1.0)
0.46707340236607287	-0.5134566817255709	(1.0, 0.4897285186052546, 1.0)
0.47515263361291676	-0.4553739633362449	(1.0, 0.48188256726750595, 1.0)
0.4734851207239594	-0.449758727745316	(1.0, 0.4824295470132169, 1.0)
0.4739200722844777	-0.4707997070269207	(1.0, 0.48348340904751014, 1.0)
0.45826131448348095	-0.5518323819498305	(1.0, 0.4966829902421656, 1.0)
0.474849378312426	-0.41983055326791247	(1.0, 0.47989911269923663, 1.0)
0.4722214188544867	-0.46065426581260277	(1.0, 0.4837637231042317, 1.0)
0.473735528867434	-0.3870549648686512	(1.0, 0.47856117307546936, 1.0)
0.4861529388748426	-0.4499312777757732	(1.0, 0.47562068569022425, 1.0)
0.47421419948350435	-0.2780312548063243	(1.0, 0.4721435663565842, 0.9663424440361071)
0.4826488816573098	-0.2828910944657971	(1.0, 0.4677620177062614, 0.9691187729947212)
0.46928656817560876	-0.44176818286583536	(1.0, 0.48417586786657757, 1.0)
0.48195580824189255	-0.4009944495731593	(1.0, 0.4749352558812699, 1.0)
0.47054184225435786	-0.46360504311551776	(1.0, 0.4848327971549274, 1.0)
0.47432617818301803	-0.4780355512167639	(1.0, 0.48371371168339766, 1.0)
0.4776316886858433	-0.634695076786636	(1.0, 0.4921198430091727, 1.0)
0.47141797357698095	-0.6264396803759846	(1.0, 0.49478096351639206, 1.0)
0.46477588645424633	-0.47115208261417624	(1.0, 0.488322712981704, 1.0)
0.4546675072905517	-0.4448016639782325	(1.0, 0.49199592625067584, 1.0)
0.45493336170554144	-0.5116185950782857	(1.0, 0.49588034834703526, 1.0)
0.463609363867282	-0.4949326437001127	(1.0, 0.49038392943892756, 1.0)
0.4638539645640995	-0.44121978229845343	(1.0, 0.487004912826638, 1.0)
0.4672962447774549	-0.4782762633049288	(1.0, 0.48743736646552976, 1.0)
0.47555509548075764	-0.4887384044501996	(1.0, 0.4837250757769103, 1.0)
0.4588682971274199	-0.4672599260691332	(1.0, 0.4911614310184141, 1.0)
0.48767221402775407	-0.3298687915179434	(1.0, 0.4676223693729385, 0.9950363616456236)
0.4727944329855264	-0.3286011515898349	(1.0, 0.47571755230813567, 0.9941591760711598)
0.46563692814026303	-0.4385280076148315	(1.0, 0.48590792219157714, 1.0)
0.47331820228188914	-0.4757315481985417	(1.0, 0.48410622774307216, 1.0)
0.45305046482551725	-0.46456283353114786	(1.0, 0.4939992131259609, 1.0)
0.4568759610081524	-0.5068318537334737	(1.0, 0.49459192369097144, 1.0)
0.46588847070116934	-0.6823471749716962	(1.0, 0.5013851078777236, 1.0)
0.4727738374810766	-0.6954626551491856	(1.0, 0.4987904790548701, 1.0)
0.4700782438040195	-0.8781034758437694	(1.0, 0.5133972458718248, 1.0)
0.45450400320576706	-0.8677342856159749	(1.0, 0.5201948940304557, 1.0)
0.4837446919916661	-0.33858685309102704	(1.0, 0.47029957559843977, 0.9997948755519416)
0.4678659466471841	-0.32831876855560177	(1.0, 0.4783600567545156, 0.9939445369352066)
0.4863030120964802	-0.3586206646353089	(1.0, 0.4700488525717818, 1.0)
0.46994064165940946	-0.4158269447735761	(1.0, 0.48228272598089644, 1.0)
0.4951383120707884	-0.44224192064043405	(1.0, 0.4702096743667557, 1.0)
0.4814634830553058	-0.42168204573285845	(1.0, 0.47644374347402235, 1.0)
0.4785046820290942	-0.4450690528475256	(1.0, 0.47945928242663743, 1.0)
0.5068683556417681	-0.44121744374353206	(1.0, 0.46357667367389715, 1.0)
0.4839996318855328	-0.5362245838046141	(1.0, 0.4822409406724451, 1.0)
0.46140797755425567	-0.5178660356441854	(1.0, 0.49294142866099117, 1.0)
0.451729199676654	-0.5219000012340728	(1.0, 0.49814375860152676, 1.0)
0.4634086085695832	-0.4970654288545272	(1.0, 0.49061944294753396, 1.0)
0.4693722946676463	-0.5222496935343364	(1.0, 0.48907990918545435, 1.0)
0.46803712668656045	-0.5207896077294271	(1.0, 0.4896851388898958, 1.0)
0.47589549218623994	-0.431249784747406	(1.0, 0.48002291034392724, 1.0)
0.4901372237688139	-0.43541854521071544	(1.0, 0.47254618469950177, 1.0)
0.47837159353018766	-0.4209603459025096	(1.0, 0.47807255100918916, 1.0)
0.4597266803701866	-0.489019773726753	(1.0, 0.4920345025109712, 1.0)
0.4718169837880218	-0.5362192179003052	(1.0, 0.48868549875936035, 1.0)
0.45063727911518026	-0.5443936881253832	(1.0, 0.5000876692115971, 1.0)
0.48244594483489706	-0.458510080005907	(1.0, 0.47816051301130386, 1.0)
0.4747529112728523	-0.4901454620361249	(1.0, 0.4842382790427168, 1.0)
0.46090182226185267	-0.5347974922348124	(1.0, 0.4942588128781385, 1.0)
0.4428056136047164	-0.5545150527519624	(1.0, 0.5046418566383991, 1.0)
0.47484750178494134	-0.4240317292867149	(1.0, 0.48015129337633095, 1.0)
0.49336378952401677	-0.4268175047544199	(1.0, 0.4702368268724972, 1.0)
0.48897489353350987	-0.45651084615705784	(1.0, 0.4744896062850719, 1.0)
0.4851144903182224	-0.45495259639518304	(1.0, 0.47649566096991053, 1.0)
0.47682784808240913	-0.41296003584603624	(1.0, 0.47842592475584994, 1.0)
0.46323721216179264	-0.41347587476142483	(1.0, 0.485690422247034, 1.0)
0.47460853151709914	-0.5610572170371002	(1.0, 0.4888188025390469, 1.0)
0.4783381024250181	-0.49634408664663365	(1.0, 0.4827202236606057, 1.0)
0.48009415045555465	-0.5895355696782939	(1.0, 0.4878053862515523, 1.0)
0.4710034160672442	-0.6182692386289259	(1.0, 0.49444968982228094, 1.0)
0.46342421379387894	-0.5339371659786061	(1.0, 0.4929050262387708, 1.0)
0.4644925066446751	-0.5726770146394352	(1.0, 0.4948186965521279, 1.0)
0.46890392408329384	-0.5440755274514368	(1.0, 0.490706138614517, 1.0)
0.45964768207448287	-0.5311829812989464	(1.0, 0.4946770106592276, 1.0)
0.4897728647693152	-0.37631860806074835	(1.0, 0.46917139352313625, 1.0)
0.513900272582621	-0.32650731211065376	(1.0, 0.4524651717929214, 0.9935016767278867)
0.4987648813516985	-0.20764690721440107	(1.0, 0.45451276397348933, 0.9280486860870472)
0.5312280119913724	-0.09305618279295692	(1.0, 0.4288238227335692, 0.8659620013607244)
0.5169970142408468	-0.11604230090858407	(1.0, 0.43883208394992845, 0.8782716153642094)
0.5058660978039458	-0.1477895899373293	(1.0, 0.44717209416289877, 0.8954268885853564)
0.48525891296822393	-0.2953877444644165	(1.0, 0.46700726590175673, 0.9760229120860108)
0.4900714217083181	-0.3085357176093128	(1.0, 0.4650613700975856, 0.9833164912683993)
0.5156559637273932	-0.24760594603612635	(1.0, 0.44682234227025547, 0.9501634038308707)
0.5129227116976416	-0.2659007736674335	(1.0, 0.44948737633195673, 0.9601661070954136)
0.49424924367747963	-0.32453112057024047	(1.0, 0.4636314400667641, 0.9921748501605824)
0.5299132713309282	-0.29869849967182927	(1.0, 0.44125509717271366, 0.9783973289206384)
0.5168904017241196	-0.2837464219390139	(1.0, 0.4481762337638186, 0.9700168014614631)
0.5201674738896129	-0.2582526896824284	(1.0, 0.4447413762756088, 0.9560613808919879)
0.5211814199811913	-0.30250182845311585	(1.0, 0.4467337093959321, 0.980379940694419)
0.5079060467561731	-0.3141108852992519	(1.0, 0.4552200711694359, 0.9866033693388369)
0.4969450073695106	-0.31966902897584887	(1.0, 0.4618259855145545, 0.9895296658193825)
0.4923974177419784	-0.31436055841554056	(1.0, 0.46408802152282663, 0.9865513721851803)
0.5135212669092984	-0.364277359287932	(1.0, 0.45497021466615933, 1.0)
0.509378577421008	-0.25605751718815245	(1.0, 0.45100956018500254, 0.9547187464659977)
0.5028501377713246	-0.30578119740768606	(1.0, 0.4576508773611177, 0.9819573754672409)
0.5095932879634513	-0.29212344678342816	(1.0, 0.45295459873248717, 0.9745294022277492)
0.4804485652425147	-0.49096537372985694	(1.0, 0.48125538057091194, 1.0)
0.4582456251823099	-0.4637007168602658	(1.0, 0.4912702069352118, 1.0)
0.4570147731147165	-0.483969409502128	(1.0, 0.49312683194519064, 1.0)
0.47517593281141907	-0.4550008192986354	(1.0, 0.4818473691626623, 1.0)
0.49167891838512456	-0.39568062207217275	(1.0, 0.4692731467353341, 1.0)
0.4539826887346003	-0.42355082522543525	(1.0, 0.491104982931237, 1.0)
0.47025207997515184	-0.3848728539697381	(1.0, 0.48030227210075177, 1.0)
0.47059000998674066	-0.48728632588468646	(1.0, 0.4862604931480267, 1.0)
0.46005399087930776	-0.4082033304481851	(1.0, 0.48705363464043455, 1.0)
0.46802789185149635	-0.41377471031077157	(1.0, 0.48317752840338507, 1.0)
0.46145674783442	-0.46749699878338163	(1.0, 0.48983224542061127, 1.0)
0.47501381507444995	-0.44642169230360285	(1.0, 0.48141187537247515, 1.0)
0.4618742136858094	-0.44282910875064596	(1.0, 0.48813697505396775, 1.0)
0.47001143987861765	-0.45701939664304964	(1.0, 0.48471280949429135, 1.0)
0.481510881829272	-0.45763726201075317	(1.0, 0.4786112426917906, 1.0)
0.45454827257608144	-0.4763033597951373	(1.0, 0.4939327286967969, 1.0)
0.455897863639276	-0.48744530150471604	(1.0, 0.4939118893966276, 1.0)
0.471744880701129	-0.4622368737917153	(1.0, 0.4841128066245511, 1.0)
0.4670547314188409	-0.462759930309492	(1.0, 0.4866191803673779, 1.0)
0.4752115176477664	-0.4899675019258213	(1.0, 0.48398397718392966, 1.0)
0.4926439238881936	-0.28738917260945424	(1.0, 0.46241484982868447, 0.9717158147090549)
0.49273247374353446	-0.261926835654478	(1.0, 0.46094048075454813, 0.9577281672363515)
0.4696613786740517	-0.44237822218123213	(1.0, 0.48401409887262586, 1.0)
0.4808894424602475	-0.43722352749712756	(1.0, 0.4776962860043947, 1.0)
0.45705308741563544	-0.3629930510118581	(1.0, 0.4860416919075125, 1.0)
0.4697023786581188	-0.40108313203491575	(1.0, 0.4815414166003041, 1.0)
0.49319805898418695	-0.43199290197385387	(1.0, 0.47064767315663475, 1.0)
0.4729686124275889	-0.47641104791743366	(1.0, 0.484333320691611, 1.0)
0.4716750817712571	-0.5473844343514191	(1.0, 0.4894726493660197, 1.0)
0.4641267483295977	-0.5317716371655106	(1.0, 0.49240583235274077, 1.0)
0.4595257253984523	-0.5048593183189496	(1.0, 0.4931081254926742, 1.0)
0.468832945459647	-0.5274865190959002	(1.0, 0.4896915247860845, 1.0)
0.4780252520063323	-0.5024235447818212	(1.0, 0.48326906968526023, 1.0)
0.4664791294485121	-0.5351037319734187	(1.0, 0.4913970700131269, 1.0)
0.47320541837925506	-0.4806481661865248	(1.0, 0.4844692735761095, 1.0)
0.4463387780428112	-0.4918735093001791	(1.0, 0.49904983437536493, 1.0)
0.46732741948208123	-0.32379581725533335	(1.0, 0.47839712605571666, 0.9914453361819205)
0.4898027834105749	-0.3459217850896421	(1.0, 0.46736584196068914, 1.0)
0.467416201534598	-0.5018218107349308	(1.0, 0.4888254230505365, 1.0)
0.45033788229797367	-0.5310690057162367	(1.0, 0.49941339310942284, 1.0)
0.46742470074927106	-0.5187905077594197	(1.0, 0.48987903369754243, 1.0)
0.4727395723258887	-0.5059272326648256	(1.0, 0.4862879199980677, 1.0)
0.4652515850153994	-0.5195492150907717	(1.0, 0.4910568955808153, 1.0)
0.45859025603748	-0.5102823942212175	(1.0, 0.4939236145640205, 1.0)
0.47036382691193396	-0.6465061513912198	(1.0, 0.4966709280438187, 1.0)
0.4703600418871716	-0.6079600620184148	(1.0, 0.49409784322054545, 1.0)
0.4718642829527936	-0.542076283442031	(1.0, 0.48903422704131977, 1.0)
0.45474167779332486	-0.5244105474189195	(1.0, 0.496766174973089, 1.0)
0.4651291209637492	-0.45576363424407124	(1.0, 0.4872073131468179, 1.0)
0.4767503493367932	-0.4680865493245966	(1.0, 0.4818094745441814, 1.0)
0.4842718174613403	-0.47925283866489543	(1.0, 0.4784652385485581, 1.0)
0.4643544589410975	-0.44863788628306434	(1.0, 0.487185594385472, 1.0)
0.453714577812521	-0.4452897541550803	(1.0, 0.49251605177638863, 1.0)
0.452589310429395	-0.4519869111624514	(1.0, 0.49349005889011627, 1.0)
0.4495594622958792	-0.47842711203496135	(1.0, 0.49661076253960174, 1.0)
0.4687984857039286	-0.4877210724297707	(1.0, 0.4872292837145476, 1.0)
0.46946722121628714	-0.47906033120951	(1.0, 0.4863449054930297, 1.0)
0.44671462288489516	-0.45681472547061647	(1.0, 0.49677682912834825, 1.0)
0.4609742161714552	-0.4748864304868989	(1.0, 0.4905295959934934, 1.0)
0.48770600993501434	-0.4987268460689608	(1.0, 0.4778389025330348, 1.0)
0.5233756269771751	-0.29276524519390124	(1.0, 0.44484283321469054, 0.9750542056143167)
0.5163981727227436	-0.26577858641777463	(1.0, 0.4474240427318125, 0.9601432626338132)
0.5133817680129459	-0.2900312945708642	(1.0, 0.4506142609184712, 0.9734266129159282)
0.48558944231592754	-0.2733968207735035	(1.0, 0.4655985091103833, 0.9639376975816746)
0.489313640529193	-0.3432301198696258	(1.0, 0.4674815682315678, 1.0)
0.4924066712036335	-0.32155556906887844	(1.0, 0.46449651821672716, 0.9905135616617625)
0.5255824091106072	-0.3011270358259001	(1.0, 0.44401731308073167, 0.9796786045851608)
0.5135749315053562	-0.24632722017423198	(1.0, 0.44798447034051964, 0.9494353115388826)
0.5059786889505932	-0.36397627598738697	(1.0, 0.4593017194637888, 1.0)
0.49195762769972035	-0.3546173736226325	(1.0, 0.46667287865035006, 1.0)
0.515289563514485	-0.30924828243122593	(1.0, 0.4506227680882183, 0.9840181386450589)
0.5178426633401696	-0.3020990365119576	(1.0, 0.4486925567655197, 0.9801170177072868)
0.5057571802148708	-0.2764763125501047	(1.0, 0.45428508435296705, 0.9658827957142627)
0.5110059473281356	-0.31225524577806146	(1.0, 0.4533091751658371, 0.9856200860815275)
0.5164372135657201	-0.22584686718290495	(1.0, 0.44512445696338104, 0.9382479727440101)
0.515926907808427	-0.2575754852317459	(1.0, 0.44723159250313865, 0.9556354768414018)
0.50623368297107	-0.2406934854071646	(1.0, 0.4519853213379625, 0.9462513006938768)
0.49496490377876806	-0.28472359459261015	(1.0, 0.4609495267142874, 0.970279408607395)
0.5147966512742695	-0.28913492741082464	(1.0, 0.4497289006222441, 0.9729516293716444)
0.5047692052764254	-0.3228218986418626	(1.0, 0.4575426687808956, 0.9913610307367547)
0.5176555107529678	-0.25717002924667265	(1.0, 0.446179794493818, 0.9554351746735098)
0.5027119796694346	-0.26393785685477966	(1.0, 0.4553371227593986, 0.9589587995945069)
0.48777086997521135	-0.32343819104702587	(1.0, 0.4671982559862515, 0.9914944629645387)
0.5094650539867644	-0.2550088865721487	(1.0, 0.4508993664998891, 0.954144494726422)
0.524479806148938	-0.23618419177882843	(1.0, 0.4408707614968689, 0.9440167687114798)
0.5036169545379741	-0.24798907351563892	(1.0, 0.4539170654530093, 0.9502184648540667)
0.5113662859382853	-0.27818887111781454	(1.0, 0.4511103626538879, 0.9668941556743224)
0.4969066687844199	-0.29818818263327984	(1.0, 0.460611236917107, 0.9777070086447647)
0.513672753801143	-0.28374013377955165	(1.0, 0.4500764845556023, 0.9699729409739314)
0.508703377369828	-0.295229970701315	(1.0, 0.45365364958024573, 0.9762262774782836)
0.4892949167610014	-0.45887704741554497	(1.0, 0.4744621792517239, 1.0)
0.48181102661812936	-0.48094948647332597	(1.0, 0.47989709432690925, 1.0)
0.451252928100666	-0.4815293015200748	(1.0, 0.4959334081562689, 1.0)
0.4608221775384817	-0.49588923810748875	(1.0, 0.49188791626522305, 1.0)
0.4376940164388006	-0.532707062463254	(1.0, 0.5058417626997866, 1.0)
0.4859489963103374	-0.45439845767395876	(1.0, 0.4760079468977277, 1.0)
0.4676059424926826	-0.4206608121739057	(1.0, 0.4838076445726767, 1.0)
0.46135231273295496	-0.4180349326284573	(1.0, 0.4869469259019867, 1.0)
0.4654465376117505	-0.4776813298845617	(1.0, 0.48836954907973734, 1.0)
0.4719355438395988	-0.46804191467742073	(1.0, 0.48436649721756037, 1.0)
0.45905043508882004	-0.44773025225443747	(1.0, 0.4898996874401775, 1.0)
0.4855376020339642	-0.43747825850680583	(1.0, 0.47518962679260307, 1.0)
0.4545234660416297	-0.4613718094168885	(1.0, 0.4930522200636726, 1.0)
0.45924279386477274	-0.522151575110916	(1.0, 0.49432248236891313, 1.0)
0.47036623472747785	-0.4947108207718699	(1.0, 0.4868379255148508, 1.0)
0.4578292150382547	-0.47310998908933255	(1.0, 0.4920508873835345, 1.0)
0.47392476516686916	-0.42888213339034076	(1.0, 0.4809357313865649, 1.0)
0.4728655044561985	-0.4717599146938074	(1.0, 0.484101858791158, 1.0)
0.4808933921839149	-0.43340165494117483	(1.0, 0.4774618324367826, 1.0)
0.47387080233550344	-0.43754628636596254	(1.0, 0.48148540486911523, 1.0)
0.4797769001057208	-0.40777213304105603	(1.0, 0.47652321609066656, 1.0)
0.48037229717417407	-0.3538393719604642	(1.0, 0.4730313038985758, 1.0)
0.48627928095812567	-0.5096520080936324	(1.0, 0.47930716256319267, 1.0)
0.46097283779478104	-0.560400450622324	(1.0, 0.4958392337491135, 1.0)
0.47263758702729436	-0.5158922197177468	(1.0, 0.4869676159746656, 1.0)
0.4595264445193167	-0.5173406921076661	(1.0, 0.49387824010634523, 1.0)
0.46613991405461136	-0.5094097335638285	(1.0, 0.48996268197798115, 1.0)
0.4701592258234377	-0.5294325531914199	(1.0, 0.48912195419670684, 1.0)
0.4677708805576009	-0.5174330034929441	(1.0, 0.48961350490466443, 1.0)
0.4621932833940053	-0.5168444005159752	(1.0, 0.49247242509194616, 1.0)
0.4548515062582953	-0.5274404599775531	(1.0, 0.4968976769358004, 1.0)
0.47466051809186294	-0.5211179798672215	(1.0, 0.48623228728447226, 1.0)
0.460689009241488	-0.5045617497433064	(1.0, 0.4924896014284951, 1.0)
0.4695045876741353	-0.5063920220841793	(1.0, 0.4880169289401312, 1.0)
0.4753329844278287	-0.46246119932198976	(1.0, 0.48221984260961487, 1.0)
0.4664157388400067	-0.48632462933808224	(1.0, 0.48839183220140575, 1.0)
0.480099900384344	-0.34574215391814517	(1.0, 0.4727137860874047, 1.0)
0.4890231606655893	-0.28190723985628025	(1.0, 0.4641473413713835, 0.968657330255908)
0.493030506166847	-0.43917367979965816	(1.0, 0.4711845939264639, 1.0)
0.47078059461075233	-0.3396157986634663	(1.0, 0.47742647128591525, 1.0)
0.46300151551809043	-0.393915385784161	(1.0, 0.4846766825285233, 1.0)
0.4777756249054059	-0.37576913342588697	(1.0, 0.47571948804026404, 1.0)
0.4655701374011226	-0.5179137276383923	(1.0, 0.4907892436103953, 1.0)
0.46491267459524055	-0.45767004196589073	(1.0, 0.48743558562014283, 1.0)
0.47270021387258154	-0.42843007484325485	(1.0, 0.48156257399851193, 1.0)
0.4754800504866026	-0.506188962365374	(1.0, 0.4848568698266306, 1.0)
0.4687445927069012	-0.46358031492487384	(1.0, 0.4857797670728497, 1.0)
0.45738935946212134	-0.3920607010938003	(1.0, 0.48751600832097425, 1.0)
0.46489757911645163	-0.49782544842749454	(1.0, 0.48989192413260224, 1.0)
0.4715442587537969	-0.4471563761854666	(1.0, 0.48330376741972275, 1.0)
0.4694551990771362	-0.4146995073877707	(1.0, 0.4824742199234276, 1.0)
0.4695405323251606	-0.47020542413302013	(1.0, 0.4857639929525667, 1.0)
0.45672107046145066	-0.4758030226790272	(1.0, 0.4927848746872861, 1.0)
0.4684008825028999	-0.4691819589457863	(1.0, 0.48630170629018415, 1.0)
0.47124097936616965	-0.4298175595081859	(1.0, 0.48242293009660303, 1.0)
0.4805508543075345	-0.44122766168266503	(1.0, 0.4781230565771108, 1.0)
0.4830542352949104	-0.4529204101909298	(1.0, 0.4774868579496034, 1.0)
0.4869746214680067	-0.4490893304554637	(1.0, 0.4751210087385052, 1.0)
0.44966753605061555	-0.4938522275262455	(1.0, 0.49748216170758836, 1.0)
0.48724886763354003	-0.46396140293835236	(1.0, 0.4758952702786193, 1.0)
0.482783648017218	-0.6105204167077019	(1.0, 0.4877914391155124, 1.0)
0.4705193432422181	-0.6112036262034163	(1.0, 0.4942302955667615, 1.0)
0.48406277741737136	-0.36898840444034825	(1.0, 0.4718900907821086, 1.0)
0.4615288743183663	-0.3944167210582693	(1.0, 0.4854812921422535, 1.0)
0.48555879396940155	-0.37822809773987276	(1.0, 0.47161172534203616, 1.0)
0.4826415962963393	-0.38800428479153865	(1.0, 0.4737892869243319, 1.0)
0.4634183311596512	-0.49389954402713143	(1.0, 0.4904197255522455, 1.0)
0.48317305549915507	-0.4472146609474301	(1.0, 0.47707152775224876, 1.0)
0.4914139474926725	-0.4868375726660778	(1.0, 0.47506576689544017, 1.0)
0.465893967513978	-0.455690888149892	(1.0, 0.48680163463593734, 1.0)
0.4593077488776976	-0.5429666424051229	(1.0, 0.4955896334075905, 1.0)
0.4486200572036246	-0.5527425544970469	(1.0, 0.5016236463917573, 1.0)
0.4582265489538093	-0.5028515686316664	(1.0, 0.49365385506556364, 1.0)
0.4801836770900058	-0.5357062691691812	(1.0, 0.48424081777155753, 1.0)
0.46744321962980667	-0.5080521126935167	(1.0, 0.4891985900561238, 1.0)
0.47347675307718134	-0.5222611526507867	(1.0, 0.4869282910879779, 1.0)
0.4496987869691937	-0.49661641758112535	(1.0, 0.49763320107022285, 1.0)
0.47424028522392797	-0.4811938894024523	(1.0, 0.4839545536799859, 1.0)
0.4801269367248831	-0.3924136382720219	(1.0, 0.475420563694868, 1.0)
0.4999741439820427	-0.4375154590325887	(1.0, 0.46722289950372303, 1.0)
0.4869456292793577	-0.45302731966777526	(1.0, 0.47538054309584615, 1.0)
0.4669860867276943	-0.4513875681157848	(1.0, 0.4859683333022535, 1.0)
0.47010483414297827	-0.4879449268726107	(1.0, 0.4865565600940596, 1.0)
0.45832028869062197	-0.4553032250147509	(1.0, 0.4907294744788299, 1.0)
0.47799500653384086	-0.45365307927069837	(1.0, 0.4802571306700703, 1.0)
0.46536944963961413	-0.40204449731384134	(1.0, 0.4838979979068541, 1.0)
0.4588548215299056	-0.47337538017856845	(1.0, 0.4915366736645666, 1.0)
0.4642613432670226	-0.48754634882142894	(1.0, 0.48959128929013257, 1.0)
0.4718424006885522	-0.453228292644105	(1.0, 0.4835131579596766, 1.0)
0.4685899399677195	-0.40936217256862506	(1.0, 0.48261941377531486, 1.0)
0.46709729871432903	-0.4228658435384794	(1.0, 0.48420722167510705, 1.0)
0.47626462334789865	-0.4237810984383595	(1.0, 0.4793759889274604, 1.0)
0.46501007878695694	-0.46395059523306426	(1.0, 0.48776373007172696, 1.0)
0.4829079452908537	-0.4785236632841692	(1.0, 0.47915516401501906, 1.0)
0.4620793505268818	-0.42753600814444015	(1.0, 0.48712413958345674, 1.0)
0.4673621283558158	-0.43443062018302747	(1.0, 0.48475422049018607, 1.0)
0.4836086972445195	-0.44178036192383224	(1.0, 0.47650200647734103, 1.0)
0.49103266869644363	-0.42861678762059946	(1.0, 0.47163497238788793, 1.0)
0.488930849563528	-0.5084206375723852	(1.0, 0.4777952547943662, 1.0)
0.4754509667199834	-0.46160038766518324	(1.0, 0.482104189705778, 1.0)
0.46814156018519126	-0.5370568408736348	(1.0, 0.49065685280457055, 1.0)
0.4562323292573976	-0.532494327388191	(1.0, 0.4965071414899351, 1.0)
0.4611169543132199	-0.632009176747223	(1.0, 0.5004130343146881, 1.0)
0.4757873209234161	-0.5970210399375568	(1.0, 0.49055799669964056, 1.0)
0.47207823741236354	-0.342337118788097	(1.0, 0.4768804693666126, 1.0)
0.47894811491842265	-0.29847216377537106	(1.0, 0.4706724079648505, 0.977642145245572)
0.48604109874899176	-0.34769060120030165	(1.0, 0.46955699572795667, 1.0)
0.4561229991092764	-0.36506063105281555	(1.0, 0.48664531357795054, 1.0)
0.46874634697893847	-0.4430099793827637	(1.0, 0.48453616261428106, 1.0)
0.4850096728864065	-0.42733585100549104	(1.0, 0.4748580515203929, 1.0)
0.48793648708720305	-0.4769852750965419	(1.0, 0.4763373189839684, 1.0)
0.4742532873097626	-0.467042621864509	(1.0, 0.48307559143657347, 1.0)
0.46546551730063895	-0.4822245810277503	(1.0, 0.4886372172609064, 1.0)
0.4922619293307964	-0.45554340440475166	(1.0, 0.4726273855555854, 1.0)
0.47794346198109555	-0.4581587047043643	(1.0, 0.48056087743628056, 1.0)
0.46296314968095226	-0.48348238515262193	(1.0, 0.4900185808529653, 1.0)
0.4647473398946415	-0.6141600970845397	(1.0, 0.4973885978312527, 1.0)
0.466456935187258	-0.5725128544572242	(1.0, 0.4937965778311711, 1.0)
0.4877443330900559	-0.5226872925999285	(1.0, 0.4793549807969511, 1.0)
0.47243572220438895	-0.4943893308751304	(1.0, 0.48572790799132276, 1.0)
0.46952726579873966	-0.5165567637932688	(1.0, 0.4886410723712758, 1.0)
0.4643597806116238	-0.5136880368133632	(1.0, 0.49115426667726575, 1.0)
0.4747821598534278	-0.46024166812415473	(1.0, 0.4823774556767237, 1.0)
0.47905642935086146	-0.45938435493593194	(1.0, 0.4800392974022311, 1.0)
0.4831054959910271	-0.4617520612769553	(1.0, 0.4780047446614933, 1.0)
0.48800041410819506	-0.45385609573452645	(1.0, 0.47485675055995785, 1.0)
0.46185071814531	-0.4968315604282519	(1.0, 0.4914132545615196, 1.0)
0.4774104741923611	-0.46870038051114654	(1.0, 0.4814947238355844, 1.0)
0.4625172194562699	-0.5135795511347618	(1.0, 0.4921021619416724, 1.0)
0.47599735045752023	-0.46155735475252824	(1.0, 0.48181007473024146, 1.0)
0.4686871592947038	-0.48409182781472604	(1.0, 0.48706422897077967, 1.0)
0.46036729649822317	-0.4723141341023366	(1.0, 0.4906889880790543, 1.0)
0.4626913840392673	-0.5291649892987149	(1.0, 0.4929839170348241, 1.0)
0.47348143004285487	-0.4582309348188798	(1.0, 0.4829468903466306, 1.0)
0.509678868911613	-0.2518917529051863	(1.0, 0.4505972912495542, 0.9524371299087985)
0.5017843893045939	-0.2950141065849269	(1.0, 0.4576414771893836, 0.9760217122399258)
0.49267823780000064	-0.28074026605047775	(1.0, 0.46202126531683924, 0.9680615786530541)
0.5237922139407276	-0.29338469932596506	(1.0, 0.44462986835200163, 0.9753998916947556)
0.5237222443674863	-0.196972621309176	(1.0, 0.43911011306840525, 0.9225412256996927)
0.5303093202058977	-0.1941048361356446	(1.0, 0.4349072724846391, 0.9210619209920122)
0.5042130811517389	-0.2591886286164113	(1.0, 0.4541998296795487, 0.956371005634424)
0.5412959401048717	-0.2825784458250745	(1.0, 0.433277988609501, 0.9696832200869191)
0.5101323246053631	-0.39306297643751037	(1.0, 0.4586989325649718, 1.0)
0.47771093831718664	-0.4412303770727706	(1.0, 0.4796522190120182, 1.0)
0.4862573828431096	-0.25174699725745153	(1.0, 0.4640352601587288, 0.9520580898081353)
0.5147264461689434	-0.27015410725945105	(1.0, 0.4486672788556166, 0.9625240767598232)
0.5047109297029131	-0.28418430175954784	(1.0, 0.4553326872481916, 0.9701047167378435)
0.5269061962049871	-0.2611752720425377	(1.0, 0.44084857081590995, 0.9577512851545452)
0.49875106533840674	-0.28205265599508555	(1.0, 0.4586401395530119, 0.9688587214930026)
0.4989750163573001	-0.31600637232744233	(1.0, 0.460460269116772, 0.9875376598311606)
0.507072016121382	-0.21563830057398004	(1.0, 0.45010499401650456, 0.9325338144757168)
0.5264232687431947	-0.21993851501259332	(1.0, 0.43875890557140235, 0.9351439931934897)
0.5232759184005622	-0.21847286033483918	(1.0, 0.44059088876972974, 0.9342999150390714)
0.5304995719745534	-0.17942731862998684	(1.0, 0.4339655966586955, 0.913042659779783)
0.502147386763113	-0.31006561242707076	(1.0, 0.4583028343029741, 0.9843063652670846)
0.4794923190046656	-0.2958290422721711	(1.0, 0.47022576299623026, 0.9761946606015189)
0.49887041378980146	-0.2711506930734383	(1.0, 0.45795539927588785, 0.9628708098137836)
0.4991373577156015	-0.30246078676413335	(1.0, 0.4595852620471625, 0.9800848503816991)
0.4959370265930201	-0.2793909629161919	(1.0, 0.46009576315749495, 0.9673608504550982)
0.49628587944116503	-0.27434289659583777	(1.0, 0.4596127291143713, 0.9645917107837924)
0.4963649589483409	-0.28010654159444315	(1.0, 0.459892400645545, 0.9677594210070583)
0.5128485249513338	-0.28941496837798175	(1.0, 0.45089163669505244, 0.9730811944528578)
0.5257657735925125	-0.29485904583775674	(1.0, 0.4435316736029734, 0.976234949152723)
0.511555451451317	-0.2793699314754897	(1.0, 0.45106760748547287, 0.9675453313543648)
0.5117721753759817	-0.28017966216789403	(1.0, 0.45098724635187587, 0.9679928909060306)
0.5020130296524815	-0.3538956933628299	(1.0, 0.4609602760869432, 1.0)
0.5297908739083317	-0.26485693020552314	(1.0, 0.43930963761561154, 0.9598083954812396)
0.5107343791585639	-0.2667198750903004	(1.0, 0.45082175785086737, 0.9605879525933779)
0.5109405040562577	-0.3067359569180228	(1.0, 0.4530224191099084, 0.9825823023872667)
0.48403078578470354	-0.2670099317372707	(1.0, 0.46611694732874315, 0.9604095741865871)
0.5103327223850108	-0.32214570880919746	(1.0, 0.4542859401895199, 0.9910563823494699)
0.48895112079751935	-0.3454859017099597	(1.0, 0.46781458505426415, 1.0)
0.5182914227784919	-0.24396079193894254	(1.0, 0.4450428109229843, 0.9481987613017929)
0.529574863155011	-0.27682326417912817	(1.0, 0.4401503557584524, 0.9663742669853809)
0.4557797230324399	-0.5483219695828787	(1.0, 0.49772689383104535, 1.0)
0.47495172593630486	-0.5281757816410192	(1.0, 0.48652691862257774, 1.0)
0.45613577257862153	-0.5191632854548006	(1.0, 0.4957301269283246, 1.0)
0.4666521443559541	-0.5506646352025778	(1.0, 0.492294747172287, 1.0)
0.441059717882339	-0.548966744934883	(1.0, 0.5051672468552202, 1.0)
0.4513596150427792	-0.5464854425596741	(1.0, 0.4998531006359123, 1.0)
0.4650315007066704	-0.4708869187661759	(1.0, 0.4881729516760503, 1.0)
0.44359424936992775	-0.5052753088799745	(1.0, 0.5012384639034537, 1.0)
0.4765421624403116	-0.4273713225218763	(1.0, 0.479442499053587, 1.0)
0.4718789294640194	-0.44405120913229584	(1.0, 0.48293852753295147, 1.0)
0.4665973983529971	-0.572644997089622	(1.0, 0.49373264770632513, 1.0)
0.4573532819244709	-0.5748652125705596	(1.0, 0.49860698063271264, 1.0)
0.46992615176921027	-0.5717142989498393	(1.0, 0.49195032834035995, 1.0)
0.46312199845883206	-0.5200850699984768	(1.0, 0.49219398433440303, 1.0)
0.4756002073955072	-0.5625864099665301	(1.0, 0.48839812108265507, 1.0)
0.45352643756322025	-0.6090575425174425	(1.0, 0.5027372937404743, 1.0)
0.46882569486529035	-0.4841784156484799	(1.0, 0.48699679337868657, 1.0)
0.4712378234345414	-0.4490598468726653	(1.0, 0.48358141962825046, 1.0)
0.4475029082863884	-0.5166131304580474	(1.0, 0.49995850324069685, 1.0)
0.4574210087076684	-0.5060076915023028	(1.0, 0.4942615717504338, 1.0)
0.4525186958603191	-0.41965523311597625	(1.0, 0.4916352147902177, 1.0)
0.47529668119363433	-0.47259700296773943	(1.0, 0.48286229183588564, 1.0)
0.4511592946126608	-0.5374175557181667	(1.0, 0.4993906471564246, 1.0)
0.4811133597546591	-0.5608606249419971	(1.0, 0.4853793819503865, 1.0)
0.4598024727858875	-0.49724188443014133	(1.0, 0.49249778009157125, 1.0)
0.47200942010571	-0.4565990218780449	(1.0, 0.48362926668739, 1.0)
0.4770076659840073	-0.44463742136805107	(1.0, 0.48023659304792093, 1.0)
0.4877245485477079	-0.46465182814843736	(1.0, 0.4756794258005395, 1.0)
-1.7607220298001756	0.1882182123115945	(0.0, 0.9411043127626614, 0.6842858112403871)
-1.7791296712455547	0.24022609070661177	(0.0, 0.9419135747196241, 0.6544281130944137)
-1.7419692542718455	0.20848922430079683	(0.0, 0.939202385917227, 0.6728650778754498)
-1.7929903857138905	0.2146394763321441	(0.0, 0.943435417822037, 0.6689654687202461)
-1.7680403269995801	0.2570404143951	(0.0, 0.9407441231523584, 0.6448718403714249)
-1.756157583120946	0.2148093480231342	(0.0, 0.9403279764608116, 0.6691473179567536)
-1.7704329081587122	0.2095832119427334	(0.0, 0.941615859218402, 0.6720240822651504)
-1.7738817544350134	0.20918128495987665	(0.0, 0.9419128380553211, 0.6722276368416678)
-1.7943033292018578	0.22963016549318652	(0.0, 0.9433315521359505, 0.6603802741220858)
-1.7661370021203915	0.2148488829989165	(0.0, 0.9411763622147544, 0.669048595639009)
-1.7765814665249127	0.22464598061493096	(0.0, 0.9419188374330949, 0.6633678174071285)
-1.7897724042107703	0.20776234311031325	(0.0, 0.9432661140470979, 0.6729190439314549)
-1.771836033115297	0.24754387682088114	(0.0, 0.9411967264283524, 0.6502903544178863)
-1.7943697893147177	0.22809889735368255	(0.0, 0.9433587059483751, 0.6612563391053008)
-1.775125852000672	0.2342748730121365	(0.0, 0.9416600078342894, 0.6578681426112486)
-1.7939330695275226	0.2178487382425026	(0.0, 0.9434679766597066, 0.6671236804339158)
-1.776620865999788	0.2136976358465203	(0.0, 0.9420785845571678, 0.6696269244015531)
-1.7768200807583852	0.22474237682791576	(0.0, 0.941937557326629, 0.6633108494570006)
-1.7521698221101027	0.19715516810363465	(0.0, 0.9402434115518773, 0.6792545304863563)
-1.764982915094326	0.23345440488034516	(0.0, 0.9408135811660212, 0.6584165566848207)
-1.7939356822357129	0.23999994593887256	(0.0, 0.9431553752714914, 0.654443117996522)
-1.7836992239872405	0.21947581737057792	(0.0, 0.9425903029684398, 0.6662705581608878)
-1.7409579771658825	0.20747013636102815	(0.0, 0.9391299967603365, 0.6734545090247999)
-1.755291963060834	0.2054043286189976	(0.0, 0.9403899959904988, 0.6745244867946116)
-1.7659237996542796	0.2151977080930189	(0.0, 0.9411532742189112, 0.6688509018115515)
-1.7834341241756422	0.1960906524390933	(0.0, 0.9429057167007932, 0.6796287796818495)
-1.7688606987525808	0.19316962948433747	(0.0, 0.941721771029435, 0.6814027255283075)
-1.7681729980099599	0.22268419553520513	(0.0, 0.9412367525071836, 0.6645542418144544)
-1.771607714942007	0.22465791948861685	(0.0, 0.9414991698143695, 0.6633990795800945)
-1.7580642991085942	0.22596095763446541	(0.0, 0.9403311311753502, 0.6627580907364494)
0.7522262384554245	1.4180854168874022	(1.0, 0.12410460834983392, 0.0)
0.7659203277141406	1.4293776120917188	(1.0, 0.07867647792708776, 0.0)
0.7509432754432931	1.4640442695234213	(1.0, 0.12650219699647106, 0.0)
0.761000275117629	1.4477065931278996	(1.0, 0.09657351559859928, 0.0)
0.740547807003901	1.3627670280452937	(1.0, 0.15379180120167424, 0.0)
0.7254302631464045	1.3877995400204415	(1.0, 0.18326871806764802, 0.0)
0.750274393589853	1.4044616138006853	(1.0, 0.12964040951261066, 0.0)
0.755002370883469	1.383306897238224	(1.0, 0.11725965342833092, 0.0)
0.7633508218221193	1.3535437330507472	(1.0, 0.09142087078309374, 0.0)
0.7508636269544531	1.387888610836491	(1.0, 0.12851441407529982, 0.0)
0.747263018273011	1.4391440669420201	(1.0, 0.1364947983295006, 0.0)
0.7661866941819877	1.4419590362674315	(1.0, 0.07711805677533204, 0.0)
0.7533015535206137	1.4673657359033314	(1.0, 0.11996431170730934, 0.0)
0.7549260261215974	1.4374181035509075	(1.0, 0.11602999885264831, 0.0)
0.7418512233364939	1.4160330961660694	(1.0, 0.14974059712568535, 0.0)
0.7584034516384969	1.4212230594683508	(1.0, 0.10591517959006144, 0.0)
0.7456709123258181	1.3401333885401454	(1.0, 0.14269346267582966, 0.0)
0.7420966492281779	1.3683139058379654	(1.0, 0.15023311724433086, 0.0)
0.7660840995225289	1.437480360446626	(1.0, 0.07770642930666039, 0.0)
0.7560053111050801	1.4166517548174664	(1.0, 0.11339961077609056, 0.0)
0.7666239907124272	1.3981153215124882	(1.0, 0.07694038778978024, 0.0)
0.7694598929155166	1.4083903091213519	(1.0, 0.06371298498312114, 0.0)
0.7448931313356153	1.4102354630961687	(1.0, 0.14285145776138775, 0.0)
0.7673701909961473	1.392026548635294	(1.0, 0.07400800339127536, 0.0)
0.7489306717757599	1.4193404429032637	(1.0, 0.132748236822767, 0.0)
0.7367996531663966	1.3669176992401488	(1.0, 0.16168445447231933, 0.0)
0.7605370849064638	1.4920683231720016	(1.0, 0.0969597667740367, 0.0)
0.7740308410459149	1.452350069025409	(1.0, 0.034935412420555624, 0.0)
0.7634034815105204	1.4011694783345543	(1.0, 0.08948199520593056, 0.0)
0.7627057259179943	1.4090795633156317	(1.0, 0.0917590994870088, 0.0)
0.7601282197318805	1.4738928181173692	(1.0, 0.0988254167831315, 0.0)
0.7621348939520852	1.471386604540367	(1.0, 0.09189376356625373, 0.0)
0.7511002868445191	1.4197107053437426	(1.0, 0.1270946775879091, 0.0)
0.7541313968016118	1.4381472001680744	(1.0, 0.11830032345909694, 0.0)
0.7361979995867429	1.3967954973868348	(1.0, 0.16231139085568771, 0.0)
0.7410046605904015	1.3975513461246092	(1.0, 0.1520178649302929, 0.0)
0.7661789180316063	1.4423099039740717	(1.0, 0.07713812437045936, 0.0)
0.7397836118059075	1.4818387565400533	(1.0, 0.1531050124188789, 0.0)
0.75295360636443	1.4335344632569045	(1.0, 0.12172680020305088, 0.0)
0.7488643629261672	1.456747298872521	(1.0, 0.13209187539446396, 0.0)
0.7717788522574587	1.4375208565633948	(1.0, 0.050067618040606325, 0.0)
0.7642530295109529	1.4408805530334827	(1.0, 0.08492675533383295, 0.0)
0.7530624888829192	1.3692956896580881	(1.0, 0.12310788918314797, 0.0)
0.7252074800886866	1.3679342908919458	(1.0, 0.18403464665925692, 0.0)
0.7516316842175217	1.4204974949144478	(1.0, 0.12565440885549647, 0.0)
0.7542102787328344	1.431721797228433	(1.0, 0.1182347490941989, 0.0)
0.7549444705700549	1.4200520949440607	(1.0, 0.11642202060542703, 0.0)
0.7473019453799242	1.4455629480384533	(1.0, 0.13626234012578814, 0.0)
0.7521407089357424	1.4126913915572514	(1.0, 0.1244714213146551, 0.0)
0.7425332045505705	1.396473316103173	(1.0, 0.1486152919975816, 0.0)
0.7459373497303903	1.3837549609751014	(1.0, 0.1409725110016678, 0.0)
0.7755730508945878	1.451738694185393	(1.0, 0.02458458844589881, 0.0)
0.7713678037390044	1.4592977479160887	(1.0, 0.0513812640607114, 0.0)
0.7547381412849639	1.4581318198405877	(1.0, 0.11606970801693364, 0.0)
0.7511919366032196	1.353839735375392	(1.0, 0.12856649840366458, 0.0)
0.7444438880190339	1.3457171128473266	(1.0, 0.14542524916228683, 0.0)
0.741869777454031	1.41518282790251	(1.0, 0.1497164107014174, 0.0)
0.7516470245461864	1.3841906305799567	(1.0, 0.12653432233383066, 0.0)
0.749367787480661	1.411870890799402	(1.0, 0.13180605904896825, 0.0)
0.7557066094944768	1.378903318548192	(1.0, 0.11534385000416869, 0.0)
0.7470958312404485	1.3846426714753468	(1.0, 0.13814724783709567, 0.0)
0.7308903139831383	1.3758564279580716	(1.0, 0.17330471268931055, 0.0)
0.7644798220249963	1.4558269919296642	(1.0, 0.08355819081374172, 0.0)
0.7659163054427249	1.3940082378019087	(1.0, 0.08002414415326203, 0.0)
0.75029752052049	1.403905229166678	(1.0, 0.12959376652950494, 0.0)
0.7496998871853728	1.439659923283059	(1.0, 0.1303099007780207, 0.0)
0.7458942755547744	1.432022880884242	(1.0, 0.1399909101451515, 0.0)
0.7510834793313761	1.4050258770511064	(1.0, 0.12749916608187564, 0.0)
0.7596500616051909	1.4486305495739489	(1.0, 0.10110795121042351, 0.0)
0.744819020239215	1.464886075950794	(1.0, 0.1419036184004258, 0.0)
0.7709842568287812	1.4019724759562042	(1.0, 0.056254093968168835, 0.0)
0.7604156956782333	1.4355094231853398	(1.0, 0.09892320258783296, 0.0)
0.763615238361285	1.4576486635209123	(1.0, 0.08683069447966821, 0.0)
0.7624000642577897	1.411448413677684	(1.0, 0.09277875124157656, 0.0)
0.7541800531067379	1.4192830825795189	(1.0, 0.11863696938883239, 0.0)
0.7549521778480682	1.406407728463277	(1.0, 0.11676284717933055, 0.0)
0.773636749708605	1.4507644036769949	(1.0, 0.03767660496316325, 0.0)
0.7664029236385413	1.4502676532232432	(1.0, 0.07591187657124188, 0.0)
0.764572055175322	1.4645933774964712	(1.0, 0.08291651204483635, 0.0)
0.7763772610743044	1.492307554293316	(1.0, 0.017028186175320557, 0.0)
0.745939292273134	1.3873398009756024	(1.0, 0.14088296919217863, 0.0)
0.772259112836648	1.4188561203808647	(1.0, 0.04821775847863332, 0.0)
0.7416836519473751	1.4272582547895551	(1.0, 0.14988921539006822, 0.0)
0.7539087880768257	1.4155263259188842	(1.0, 0.1195030850637751, 0.0)
0.7716598771782494	1.4088784748380687	(1.0, 0.05220207742147261, 0.0)
0.7538150090631064	1.4228801886585403	(1.0, 0.11957974961572979, 0.0)
0.7639762814891838	1.4377068466407095	(1.0, 0.08609381460421967, 0.0)
0.7562554572591936	1.466675512645263	(1.0, 0.11136841937229428, 0.0)
0.7483641461446155	1.3705557972367017	(1.0, 0.13536365092651642, 0.0)
0.7517663328069611	1.4001938456271183	(1.0, 0.12579864594112472, 0.0)
0.7353923434912152	1.3893087678257203	(1.0, 0.16411585911080587, 0.0)
0.7547175274136264	1.4055035244094405	(1.0, 0.11746337961781927, 0.0)
0.7545702190742067	1.4315010620049045	(1.0, 0.1172084242494674, 0.0)
0.7648059261578486	1.3680857383193807	(1.0, 0.0854268698160188, 0.0)
0.7539249483813967	1.462711365300705	(1.0, 0.11830383005208969, 0.0)
0.7687484358075756	1.450315058112995	(1.0, 0.06536745257955792, 0.0)
0.7502015248541998	1.4166634296211342	(1.0, 0.1295353255271834, 0.0)
0.7608444962848264	1.442012188499339	(1.0, 0.09727472991291483, 0.0)
0.7643596219644384	1.4651283139615965	(1.0, 0.0837335292373802, 0.0)
0.7517612815882978	1.4627738583408856	(1.0, 0.12432576038417431, 0.0)
0.768987021315479	1.3535543330001678	(1.0, 0.06852728241855022, 0.0)
0.7567145994936287	1.385428343515699	(1.0, 0.11216482189246063, 0.0)
0.7534044649466202	1.3970753016181359	(1.0, 0.12140152156505218, 0.0)
0.7501958890155712	1.3973290870167612	(1.0, 0.13002126502747025, 0.0)
0.7689523186439027	1.4090163120445134	(1.0, 0.06612213918931314, 0.0)
0.7353685988243395	1.4212638921187986	(1.0, 0.16354708514533256, 0.0)
0.7533195078624123	1.3971799358192174	(1.0, 0.12163490834878232, 0.0)
0.7491178297516088	1.403934494449724	(1.0, 0.13263456979226365, 0.0)
0.7708955447723456	1.4537856485378193	(1.0, 0.05426536571703792, 0.0)
0.7567224765827876	1.4722040684580378	(1.0, 0.10981375626248646, 0.0)
0.7642644015484193	1.411521227175236	(1.0, 0.08588414579026901, 0.0)
0.755477596948704	1.400021858949121	(1.0, 0.11541098109582937, 0.0)
0.7819744798209217	1.4415051081852568	(1.0, 0.0, 0.0)
0.7677515951741354	1.4348519602060712	(1.0, 0.07059404456291188, 0.0)
0.7557524162825731	1.4579276723183128	(1.0, 0.11309038630923188, 0.0)
0.7564018498741006	1.4279320660659498	(1.0, 0.1119106701133625, 0.0)
0.7406473547153232	1.376461072259548	(1.0, 0.15326470184973612, 0.0)
0.7433030282708075	1.3788860299681185	(1.0, 0.14725527218897766, 0.0)
0.7506789865207406	1.4282163173959128	(1.0, 0.12800914763132956, 0.0)
0.7447933685299007	1.3923532652324768	(1.0, 0.14348752921665966, 0.0)
0.7686377335966689	1.4019935413146676	(1.0, 0.0679033344007664, 0.0)
0.7657632355016497	1.411534685657681	(1.0, 0.07997608990647317, 0.0)
0.7532120551955133	1.4397148018905876	(1.0, 0.12085797779044688, 0.0)
0.7432275513441643	1.4252888540765871	(1.0, 0.14641651212902196, 0.0)
0.7596113657359063	1.3748592495192602	(1.0, 0.10346236696310765, 0.0)
0.7456242523215879	1.3584991146887364	(1.0, 0.1423350414038507, 0.0)
0.7689313065073055	1.4449862090909498	(1.0, 0.06470470605682349, 0.0)
0.7485681646411296	1.4269496925820853	(1.0, 0.13349504314924412, 0.0)
0.7715638686773247	1.430236639320419	(1.0, 0.05165913219661015, 0.0)
0.7552216094676624	1.4240054364531654	(1.0, 0.11551248935943575, 0.0)
0.7607139923841789	1.3688873457435518	(1.0, 0.10003432072304042, 0.0)
0.7430487710084538	1.3412858346825223	(1.0, 0.14873551262727625, 0.0)
0.7744091859811625	1.454387868055202	(1.0, 0.03227525792916099, 0.0)
0.7512771166609379	1.4660586650931065	(1.0, 0.1255636218947046, 0.0)
0.7636099645263218	1.4743510649108766	(1.0, 0.08634405783812454, 0.0)
0.7484238487457716	1.4385511297236815	(1.0, 0.13360287915862593, 0.0)
0.756139208357687	1.4517560928829596	(1.0, 0.11208545255859159, 0.0)
0.7615510669557672	1.422151884325302	(1.0, 0.09543272556164437, 0.0)
0.7536451581146959	1.4316816891235447	(1.0, 0.1198384792391822, 0.0)
0.7488279686210555	1.4586849412560496	(1.0, 0.13214429908181186, 0.0)
0.7654104467510315	1.4822393383507317	(1.0, 0.07898925256306549, 0.0)
0.7581886780584475	1.4461430814671823	(1.0, 0.10590732648258738, 0.0)
0.7717855099398678	1.4994627215492307	(1.0, 0.04713677203550173, 0.0)
0.7492557250780494	1.4491233150544893	(1.0, 0.13124993633243148, 0.0)
0.7551858741862424	1.4637264491524005	(1.0, 0.11462799884013422, 0.0)
0.756121411312175	1.472907979651345	(1.0, 0.11162407251706585, 0.0)
0.7572259446755538	1.4600309246613785	(1.0, 0.10856302201146376, 0.0)
0.7684578340945633	1.413663849072624	(1.0, 0.06823468531008361, 0.0)
0.7678616424146811	1.4138353977236902	(1.0, 0.07093999772144324, 0.0)
0.7493339532448667	1.4051487599875034	(1.0, 0.13205334310442338, 0.0)
0.7536934531968732	1.4636473772205025	(1.0, 0.11894103656748486, 0.0)
0.7375118136129437	1.4646945752038645	(1.0, 0.15830248126805202, 0.0)
0.7422650644450375	1.4405362470374656	(1.0, 0.14831229610881844, 0.0)
0.7611097164061149	1.4261334785008983	(1.0, 0.09683839350845797, 0.0)
0.7619330377745963	1.4538748803491022	(1.0, 0.09312351592076287, 0.0)
0.7445442321228729	1.4693391619338556	(1.0, 0.1424712461200612, 0.0)
0.7723095514361502	1.4511940185192107	(1.0, 0.04623395779653614, 0.0)
0.7496258169708112	1.3925350153341711	(1.0, 0.13161390372649398, 0.0)
0.7484897480548302	1.4269960319684907	(1.0, 0.13369238882604703, 0.0)
0.7477292367373496	1.4469808125681756	(1.0, 0.13516859505377088, 0.0)
0.7241718153393093	1.3197319161373282	(1.0, 0.18683193887091407, 0.0)
0.7252697319444172	1.336505542427845	(1.0, 0.1845320447941168, 0.0)
0.746183824738438	1.4231144219556238	(1.0, 0.13948254428781856, 0.0)
0.7481375627805472	1.4075663408915302	(1.0, 0.13502418024710997, 0.0)
0.756822171554179	1.4503780665874748	(1.0, 0.11005022292873645, 0.0)
0.7528011685983194	1.4476047948871815	(1.0, 0.12181487568588273, 0.0)
0.7571814252621543	1.4808748016074735	(1.0, 0.10818985504546252, 0.0)
0.7559571592925695	1.4478889622854918	(1.0, 0.11272789052289128, 0.0)
0.7525084398698796	1.3419063747563431	(1.0, 0.12540436785435174, 0.0)
0.7460537154431955	1.356032830822121	(1.0, 0.14137482426631826, 0.0)
0.7508530892254248	1.3405141475075162	(1.0, 0.12983033035667096, 0.0)
0.7659955174366739	1.3805990567648125	(1.0, 0.08023458755037208, 0.0)
0.7595273599767046	1.4377565573223778	(1.0, 0.101817435448259, 0.0)
0.7457367457442434	1.492844993184537	(1.0, 0.1391777650045003, 0.0)
0.7709386086646004	1.4094985738158252	(1.0, 0.056123165073671134, 0.0)
0.765028922815425	1.4401675986495146	(1.0, 0.08190784228797876, 0.0)
0.7553784226014506	1.473916555816665	(1.0, 0.11382081481657422, 0.0)
0.7590852364677144	1.4322900992116376	(1.0, 0.10341543660487243, 0.0)
0.7562638125106912	1.3902988986679996	(1.0, 0.11336930568365833, 0.0)
0.756983039474132	1.439352425016703	(1.0, 0.10984370538458604, 0.0)
0.7604847700410989	1.435152582650669	(1.0, 0.09870027248673416, 0.0)
0.738298966951047	1.3938671621947571	(1.0, 0.1579668019449903, 0.0)
-1.7719339278565425	0.22235981341770916	(0.0, 0.9415594396811615, 0.6647109448428122)
-1.7709472904372954	0.21820260186133508	(0.0, 0.9415354508838476, 0.6670953249851769)
-1.761098597487314	0.2104739159980285	(0.0, 0.9408114892558477, 0.6715860495445681)
-1.7459636438091255	0.23105329718718834	(0.0, 0.9392227374552371, 0.6599391571589184)
-1.7749088642054658	0.2139392362340803	(0.0, 0.941930914903647, 0.6695018151633282)
-1.7877805517206071	0.22851695007545275	(0.0, 0.9428033860006536, 0.6610672529200101)
-1.7786118039359597	0.22216127997312077	(0.0, 0.9421250183808099, 0.6647735103623392)
-1.7749163145377513	0.21668253700263215	(0.0, 0.9418921890869378, 0.6679340048749782)
-1.7824229891117287	0.23689208629897165	(0.0, 0.9422368631053025, 0.6563127574325535)
-1.7752012729238806	0.21460947064153724	(0.0, 0.9419459316697385, 0.6691166126500702)
-1.7668025740193152	0.22838185946969308	(0.0, 0.9410396609638879, 0.661305623395928)
-1.7544554920928943	0.23547838722485198	(0.0, 0.9398882464964768, 0.6573399963761443)
-1.7576431424900276	0.22833854350721902	(0.0, 0.9402614351834411, 0.6614013020593454)
-1.784017573420729	0.20630975189794826	(0.0, 0.9428060931748411, 0.67379157123533)
-1.8050045490283213	0.2098845738237722	(0.0, 0.9444996750971565, 0.671593426701824)
-1.7878075146439352	0.2485445112237876	(0.0, 0.9425253023759259, 0.6495912530567849)
-1.7867101369996843	0.2266990301778107	(0.0, 0.9427396292684594, 0.6621158338222222)
-1.7918357640312654	0.21880877967369447	(0.0, 0.9432796511430441, 0.6665905073812236)
-1.7715490369078348	0.2117022086089409	(0.0, 0.9416796161587396, 0.6708053032910484)
-1.779662120746494	0.24416906949620848	(0.0, 0.9419032924934398, 0.652164018973619)
-1.756863868094554	0.1951129899028522	(0.0, 0.9406743077851035, 0.6803839283551291)
-1.7757238097235482	0.21056018963418574	(0.0, 0.9420481929710721, 0.6714261635696253)
-1.77841758079035	0.21821681733623674	(0.0, 0.9421649768254396, 0.6670304139881651)
-1.7624886096524073	0.2209358597446663	(0.0, 0.940779431295233, 0.6655975068894668)
-1.7772963715591332	0.230420659524839	(0.0, 0.9418971961424409, 0.6600579556117515)
-1.7836517944728771	0.24121002253006169	(0.0, 0.9422794620044763, 0.6538291194530264)
-1.7628783136126962	0.21451161589754086	(0.0, 0.9409046240037825, 0.6692661084503423)
-1.7949783865624354	0.21412598587980017	(0.0, 0.9436081597698726, 0.6692440855357806)
-1.785588924605252	0.22985165353018983	(0.0, 0.9426012386240082, 0.6603200203145736)
-1.7768335857717295	0.23385378646331906	(0.0, 0.9418098132596795, 0.6580960574923641)
-1.7697517718044646	0.21481783285184078	(0.0, 0.9414829023948299, 0.6690388619092853)
-1.7447075262878327	0.1994340483702551	(0.0, 0.939569964411024, 0.6780110889092434)
-1.7779760937485616	0.2214082875201834	(0.0, 0.9420822858273661, 0.6652089789991198)
-1.7818897967962393	0.23668627282297036	(0.0, 0.9421950152440655, 0.6564347758003618)
-1.8017211828121324	0.2322926286722416	(0.0, 0.9439096654201536, 0.6587992601337784)
-1.7801722896237933	0.2582149787578711	(0.0, 0.9417518634747485, 0.644101023321565)
-1.7815930402966147	0.21831847441576843	(0.0, 0.9424302413576291, 0.666948227627484)
-1.7752230116703411	0.20778660177388328	(0.0, 0.9420460338284833, 0.6730140525579814)
-1.750352476741211	0.2087036187953341	(0.0, 0.9399196374039095, 0.6726786483035266)
-1.7931330289543845	0.24237801561323435	(0.0, 0.9430553687011803, 0.6530861664994148)
-1.7857148579044249	0.21608471760277873	(0.0, 0.9428075331173125, 0.6681940465758458)
-1.7667835197959627	0.24423471683159798	(0.0, 0.9408150992025288, 0.6522272592580792)
-1.760977281672842	0.23429413211965738	(0.0, 0.9404612707663698, 0.6579670091087637)
-1.7565269977382605	0.23865589934457077	(0.0, 0.9400205132016082, 0.6555042428467809)
-1.7788716869985775	0.21678695883045024	(0.0, 0.9422236120377885, 0.6678443381514564)
-1.7715365833407521	0.2360032467764104	(0.0, 0.9413327440799364, 0.6569062066219509)
-1.7842306190731188	0.2003034944121784	(0.0, 0.9429110221506241, 0.6772189408099926)
-1.7790461048545132	0.22716545870983357	(0.0, 0.9420904371234028, 0.6619074908370813)
0.7569289457454773	1.3910480811966108	(1.0, 0.1113531731665369, 0.0)
0.7554456222195592	1.392207761171865	(1.0, 0.11572319986309529, 0.0)
0.7393048115880779	1.3909056495078762	(1.0, 0.15587408734861177, 0.0)
0.7551584141815845	1.4029990918354849	(1.0, 0.11625837021116209, 0.0)
0.748102532713587	1.3908202132129996	(1.0, 0.13551119494150646, 0.0)
0.7185871014294861	1.4261547999763804	(1.0, 0.19460513882564287, 0.0)
0.7251214587141087	1.3980594731930522	(1.0, 0.1836457530844491, 0.0)
0.7448417479966212	1.3934050758509768	(1.0, 0.14334963838903392, 0.0)
0.7557352482902585	1.3898443678749737	(1.0, 0.11494339215871979, 0.0)
0.7257474215493833	1.369873923530839	(1.0, 0.18302258422632825, 0.0)
0.7584541679114101	1.3826491916781491	(1.0, 0.10690589715374627, 0.0)
0.7457210343934074	1.3778620092538139	(1.0, 0.14163025838204454, 0.0)
0.7503231900455662	1.40972771125234	(1.0, 0.12938446551801863, 0.0)
0.7553252537307619	1.3973328404339318	(1.0, 0.11593001818516993, 0.0)
0.7553323187547154	1.4134604103792578	(1.0, 0.11546843696055653, 0.0)
0.7431367778213983	1.3949423507698102	(1.0, 0.14727352656807824, 0.0)
0.7570998222572053	1.3840531551245119	(1.0, 0.11104326079789531, 0.0)
0.7505279279416871	1.3946349531243445	(1.0, 0.12922287221239978, 0.0)
0.7424895128167188	1.4020099763266498	(1.0, 0.14859428324065896, 0.0)
0.7477561828057331	1.421096404590433	(1.0, 0.13566590589647598, 0.0)
0.7428547993170586	1.4147889263509625	(1.0, 0.147490472989273, 0.0)
0.740459566643258	1.3685343062602315	(1.0, 0.15385379685316408, 0.0)
0.7362692624744251	1.372985170576233	(1.0, 0.16265229190661504, 0.0)
0.7447034432268846	1.4097899922332477	(1.0, 0.14330871830231734, 0.0)
0.7618321093213468	1.411531064258683	(1.0, 0.09478755731514893, 0.0)
0.744557753737822	1.3988813958515451	(1.0, 0.14389307407121257, 0.0)
0.7470730800163049	1.3860218007789733	(1.0, 0.13816955346369234, 0.0)
0.7444973472198632	1.3558352791628767	(1.0, 0.14504845781212491, 0.0)
0.7626312375481227	1.4071661428517142	(1.0, 0.09209174460169539, 0.0)
0.7459347875985716	1.3946744095500678	(1.0, 0.14072225121564705, 0.0)
0.7474421285587591	1.3604451382015783	(1.0, 0.13790339532743523, 0.0)
0.7257180472690877	1.4084318594832765	(1.0, 0.1823853561396091, 0.0)
0.7465337912560603	1.4186040369194062	(1.0, 0.13873183142327733, 0.0)
0.750315338867236	1.398993773431473	(1.0, 0.12966881587782025, 0.0)
0.7429601965510769	1.3941181625570664	(1.0, 0.14769545901768757, 0.0)
0.7382706999075671	1.3843718660551114	(1.0, 0.15822502973539598, 0.0)
0.7417199034069551	1.3791579532532674	(1.0, 0.15082916916681155, 0.0)
0.7438934479902435	1.4174729827859416	(1.0, 0.14503876163405957, 0.0)
0.7443482865316932	1.3903258393176097	(1.0, 0.14457669868853354, 0.0)
0.7570253555754054	1.384227457032633	(1.0, 0.11126363075229206, 0.0)
0.7457655177289336	1.3829519791055054	(1.0, 0.14140258002560135, 0.0)
0.7411859763503481	1.3898094713606686	(1.0, 0.1517824267458002, 0.0)
0.7612091546292054	1.38712939382723	(1.0, 0.09774520747911358, 0.0)
0.7470812042265482	1.3632401764054112	(1.0, 0.1387137063511949, 0.0)
0.7453283773041494	1.4108776735533404	(1.0, 0.14180495278123953, 0.0)
0.7395059283149196	1.3439600264643972	(1.0, 0.15648708540048734, 0.0)
0.7376002210541095	1.3855675765971642	(1.0, 0.15961694039939905, 0.0)
0.7448556485156954	1.3960884589366505	(1.0, 0.14325581692734715, 0.0)
0.7533989388396793	1.3944679755279594	(1.0, 0.12148660740943854, 0.0)
0.7662181548971477	1.3803202787814395	(1.0, 0.0793392139048199, 0.0)
0.7492914203399955	1.3811876406531862	(1.0, 0.13275461512731318, 0.0)
0.7422779149940277	1.3440545948633429	(1.0, 0.1504041723578833, 0.0)
0.7401840726892869	1.3788597962335911	(1.0, 0.15422579358668284, 0.0)
0.7428556147667011	1.372470654876679	(1.0, 0.14842388724463404, 0.0)
0.7565500607009193	1.3654342169900098	(1.0, 0.11325999825419214, 0.0)
0.7465212503481876	1.3978574733606315	(1.0, 0.13923326344567066, 0.0)
0.7396576699922912	1.3652238410564226	(1.0, 0.15567149089714274, 0.0)
0.7336638497341618	1.414881391527847	(1.0, 0.16711828920394656, 0.0)
0.7392071196861367	1.3834441025879078	(1.0, 0.1562431481520342, 0.0)
0.7593053992761134	1.3581005757376978	(1.0, 0.10500247005917909, 0.0)
0.7359739796810626	1.3925364911068345	(1.0, 0.16285857923398395, 0.0)
0.740655886730973	1.3716931140993582	(1.0, 0.1533525178256429, 0.0)
0.7220601337241402	1.3911307795304522	(1.0, 0.18920171839267474, 0.0)
0.7547891140061247	1.3768707039719053	(1.0, 0.11805579133524921, 0.0)
0.7435201019235075	1.4178540752006972	(1.0, 0.14589647745887394, 0.0)
0.7252565683511507	1.4008565427790096	(1.0, 0.1833529715901388, 0.0)
0.7440427694401104	1.4024153078698178	(1.0, 0.14501741155701095, 0.0)
0.7481747412258022	1.374013422597443	(1.0, 0.13574799220740374, 0.0)
0.751656705128432	1.384393385957867	(1.0, 0.126503098373436, 0.0)
0.7639940556555512	1.3777559242701114	(1.0, 0.08813394990915324, 0.0)
0.7473362914661975	1.363491455436755	(1.0, 0.13808456725850737, 0.0)
0.7414626713332325	1.375556150161022	(1.0, 0.15148339239863587, 0.0)
0.7590262438684859	1.393780119376037	(1.0, 0.10474575159575789, 0.0)
0.7231352590074354	1.427580898306344	(1.0, 0.18670785829946399, 0.0)
0.7539461320118437	1.3712437872949392	(1.0, 0.1206026360709212, 0.0)
0.7556666940826156	1.4029124598574185	(1.0, 0.11477668599503682, 0.0)
0.7423976602703739	1.3738427393643227	(1.0, 0.1494287176442047, 0.0)
0.7526759922700657	1.4008295992082362	(1.0, 0.12331411186237423, 0.0)
0.7352651157227375	1.372870513293694	(1.0, 0.16471097903448598, 0.0)
0.7443019243831059	1.4031737345013298	(1.0, 0.1443963809961102, 0.0)
0.7453994105290231	1.3900100896705978	(1.0, 0.14210885122063277, 0.0)
0.7405176458093693	1.367849605006821	(1.0, 0.15374217708367777, 0.0)
0.7473079791623205	1.3927282327194332	(1.0, 0.13743269875913777, 0.0)
0.7489500436835155	1.3965158901403942	(1.0, 0.13324079336885467, 0.0)
0.7548540463610223	1.3782651899009128	(1.0, 0.11782985508527871, 0.0)
0.7388879668424712	1.4187302059785796	(1.0, 0.1562060886665105, 0.0)
0.754274136363809	1.3517844722702217	(1.0, 0.12025263466505329, 0.0)
0.755838953557108	1.3735987840739696	(1.0, 0.11511289940022504, 0.0)
0.7388260630245692	1.3880613401968032	(1.0, 0.15696302201518408, 0.0)
0.7532343942965847	1.3743872637112262	(1.0, 0.12249206908509083, 0.0)
0.7637461103735956	1.4044796378978244	(1.0, 0.08809265095942323, 0.0)
0.7458148983240696	1.3874199044051736	(1.0, 0.14117894334268755, 0.0)
0.7569117816919091	1.3913261578195522	(1.0, 0.11139690534995264, 0.0)
0.7390816045946413	1.387348271804075	(1.0, 0.15642988845756906, 0.0)
0.7380143344603125	1.411226499521135	(1.0, 0.15822121926946325, 0.0)
0.7657815117355247	1.3698353371947107	(1.0, 0.08153245526810374, 0.0)
0.755724291272686	1.3992041052338386	(1.0, 0.1147107342537641, 0.0)
0.7588003284052963	1.3581084384995277	(1.0, 0.10660502693909421, 0.0)
0.7589127867997628	1.3717394317430633	(1.0, 0.10580360318075943, 0.0)
0.7393184898677994	1.3942943754733845	(1.0, 0.15577339448579638, 0.0)
0.7335714186399623	1.4040090650277874	(1.0, 0.16750641960046567, 0.0)
0.768935115107366	1.3845039420533107	(1.0, 0.06730270086607973, 0.0)
0.7369956178273267	1.3865806707152104	(1.0, 0.16086248607229708, 0.0)
0.7307418542631435	1.3668675942218258	(1.0, 0.17376765641683073, 0.0)
0.748737612257544	1.3860685152597412	(1.0, 0.1340353347618676, 0.0)
0.7537892962216043	1.397683819751478	(1.0, 0.12030971223344936, 0.0)
-1.6787449477748837	0.17582774909876933	(0.0, 0.9341210444623447, 0.6919568849614951)
-1.656781994216783	0.1818129659789834	(0.0, 0.932042259526085, 0.6887223521561449)
-1.6287784353274566	0.15730764942373995	(0.0, 0.9298378870607991, 0.7028609823833777)
-1.628747557461679	0.16350205509669619	(0.0, 0.9297395596846131, 0.6993452043914583)
-1.6182561255516517	0.14794966790529213	(0.0, 0.9290023472353974, 0.7082501978747149)
-1.6451943000258062	0.1463923102345615	(0.0, 0.931523844298414, 0.7089285502456214)
-1.6922438328212523	0.20558775290105083	(0.0, 0.934886929049627, 0.6749056751086666)
-1.6657935471795153	0.17679460119057946	(0.0, 0.932937394167741, 0.6915064859436231)
-1.6357832160999568	0.15934794778896294	(0.0, 0.9304556591922842, 0.7016491258660849)
-1.6328353476044388	0.150327287591363	(0.0, 0.9303224708156212, 0.7067903053666107)
-1.6364303524142658	0.14751306846877196	(0.0, 0.9306989034899482, 0.7083591929743701)
-1.6200387798950788	0.1442121891723881	(0.0, 0.929227458500307, 0.7103556133808703)
-1.6588634563838491	0.14910324822425458	(0.0, 0.9327316767893878, 0.7072877511588884)
-1.642625047703722	0.17244836876279038	(0.0, 0.9308864324937531, 0.6941562020369254)
-1.6345328961847743	0.17133002586016152	(0.0, 0.9301563516094132, 0.6948545444784876)
-1.6143935856208056	0.1526043670733881	(0.0, 0.9285679984372502, 0.7056401808230766)
0.7509941199074127	1.4285166919864838	(1.0, 0.12716724622447687, 0.0)
0.7369711490070752	1.3771256714758828	(1.0, 0.16111059180229123, 0.0)
0.7418033505323182	1.3817618672244958	(1.0, 0.15058432726563498, 0.0)
0.7412870277574551	1.3312811044326982	(1.0, 0.15291931999971384, 0.0)
0.7441626296432353	1.3770987079015837	(1.0, 0.1453146938025673, 0.0)
0.7686815383556633	1.361583857733771	(1.0, 0.06954042148338188, 0.0)
0.7391720807132485	1.3677792006714264	(1.0, 0.15665998125343011, 0.0)
0.7471777278908224	1.4110445755221421	(1.0, 0.1373256706569955, 0.0)
0.7685853519003063	1.3914124573152247	(1.0, 0.06861171199613011, 0.0)
0.7511751995211794	1.349435897034309	(1.0, 0.1287343172964247, 0.0)
0.7413400893190523	1.3882645365775825	(1.0, 0.15147381411973326, 0.0)
0.7577347638124541	1.3660178346657215	(1.0, 0.10966211681792537, 0.0)
0.736921098776081	1.362798149485988	(1.0, 0.16152142939971112, 0.0)
0.7398035580996919	1.422894868705337	(1.0, 0.15413984360333793, 0.0)
0.7367395512774243	1.401353495234829	(1.0, 0.16109729871511763, 0.0)
0.7568157125463514	1.3864822614397816	(1.0, 0.11182952731477624, 0.0)
0.737343541164001	1.3955167746187112	(1.0, 0.1599516410827488, 0.0)
0.7468998418961833	1.4157964195382342	(1.0, 0.13790039746381116, 0.0)
0.7330464782253132	1.388866564608466	(1.0, 0.1688412927879148, 0.0)
0.7524214229829823	1.361800355990302	(1.0, 0.12506520806000462, 0.0)
0.7498089644547578	1.3855237052684057	(1.0, 0.13131937640825722, 0.0)
0.7382075880674437	1.3894852426914304	(1.0, 0.15825183627926678, 0.0)
0.7479653979570373	1.432726329323734	(1.0, 0.13488463044778456, 0.0)
0.7425695925003566	1.4025239538894665	(1.0, 0.148401435660302, 0.0)
0.749754433466218	1.41061890067004	(1.0, 0.13084064551050728, 0.0)
0.7651709405779868	1.3821717450200164	(1.0, 0.08345921789622013, 0.0)
0.7448566252758552	1.38213846855863	(1.0, 0.14357524494576243, 0.0)
0.7461740476283271	1.3722670850137335	(1.0, 0.14068214523084385, 0.0)
0.7462851903328639	1.3625489749031936	(1.0, 0.14065618152331813, 0.0)
0.7537165144339558	1.412297281120631	(1.0, 0.1201285516125713, 0.0)
0.7421365542590763	1.3949976108211974	(1.0, 0.14954418793932656, 0.0)
0.7592000523842882	1.4150773546162856	(1.0, 0.10354213667052706, 0.0)
0.75371129457741	1.3700554470051698	(1.0, 0.12129244542882858, 0.0)
0.7604170396608	1.3753654690083588	(1.0, 0.10080402840847, 0.0)
0.7518523582651435	1.3783836422750224	(1.0, 0.12613976766416404, 0.0)
0.7751560768042259	1.345939688770016	(1.0, 0.03415134202590592, 0.0)
0.7459202200129635	1.377665412795408	(1.0, 0.14115928268642017, 0.0)
0.7622157738724988	1.4069965775398594	(1.0, 0.09358217612075032, 0.0)
0.7591017722722654	1.3692277515309466	(1.0, 0.10528403939105963, 0.0)
0.7471021147244568	1.3842219522434929	(1.0, 0.1381420718096241, 0.0)
0.7379817823157203	1.410907525605229	(1.0, 0.15829661115191843, 0.0)
0.7462368539938756	1.4144953913568843	(1.0, 0.13954391131345462, 0.0)
0.7445581236221845	1.410603025402672	(1.0, 0.1436327868015469, 0.0)
0.7432390787158627	1.399212559323448	(1.0, 0.1469449235022133, 0.0)
0.7387588732315684	1.39968961805786	(1.0, 0.1568652267912268, 0.0)
0.7520824671875606	1.3581704049444665	(1.0, 0.12608013349358285, 0.0)
0.7353640163886557	1.4170760921942058	(1.0, 0.16363469777309664, 0.0)
0.751013174051993	1.3740612377474675	(1.0, 0.12848388993066795, 0.0)
0.7187370517933158	1.361520298526189	(1.0, 0.19541859705034326, 0.0)
0.7532233906505842	1.388344214744193	(1.0, 0.12213850067704907, 0.0)
0.760297697126559	1.3916854031986887	(1.0, 0.10066469416435025, 0.0)
0.7506875268413964	1.3824354350824084	(1.0, 0.12911789969536117, 0.0)
0.7554232969271854	1.3734757439630054	(1.0, 0.11632823478694401, 0.0)
0.7376530049377816	1.3623613779551085	(1.0, 0.1600029522590942, 0.0)
0.750635732940707	1.3922518059603588	(1.0, 0.12900098524332554, 0.0)
0.7436650618182692	1.3948109253973926	(1.0, 0.14606168336531744, 0.0)
0.744178630914641	1.4043765817767206	(1.0, 0.1446576933774275, 0.0)
0.7442381178049656	1.3998286696009246	(1.0, 0.14461961491565314, 0.0)
0.7429498278876571	1.3865716570229847	(1.0, 0.14788740900877145, 0.0)
0.7311212382859181	1.3658843903944113	(1.0, 0.17305752929108656, 0.0)
0.7399220768253084	1.3893980771800691	(1.0, 0.15456855702984515, 0.0)
0.7469046922223028	1.3954083358900446	(1.0, 0.1383572974551757, 0.0)
0.7494692780691978	1.4012078730782767	(1.0, 0.13180201829394816, 0.0)
0.7388701144829564	1.3795030529699324	(1.0, 0.15705097114888614, 0.0)
-1.7711452431352814	0.23583541758468124	(0.0, 0.9413020282142736, 0.6570053597437394)
-1.7738407310695188	0.2384500855540949	(0.0, 0.9414929602417522, 0.6554867955486297)
-1.7611937386328593	0.24599990964198765	(0.0, 0.9403155889424656, 0.6512594807394408)
-1.7550336189805948	0.22358892945460926	(0.0, 0.9401062374534807, 0.6641380375951735)
-1.7770220789704267	0.22634525210342815	(0.0, 0.9419318048926096, 0.6623923010631781)
-1.7794643807833284	0.23473541507233706	(0.0, 0.9420187255305423, 0.6575708769922392)
-1.7691461911701827	0.23609038861071613	(0.0, 0.9411293470094075, 0.6568748818456757)
-1.7719231831922864	0.2265055652671963	(0.0, 0.9414995725339355, 0.662339700207317)
-1.7885504531799485	0.22898276643247706	(0.0, 0.9428611243926193, 0.6607947473720039)
-1.7387247417394358	0.2025591363048569	(0.0, 0.9390087560678655, 0.6762738906204488)
-1.7862118673248246	0.2244555800897917	(0.0, 0.9427297700271277, 0.6634032889143215)
-1.7719774074580161	0.20352085008105641	(0.0, 0.9418340922391608, 0.6754738764229326)
-1.7816389044188001	0.24360920882942766	(0.0, 0.9420771420850818, 0.6524695599776675)
-1.7722896183455898	0.2080356376374885	(0.0, 0.9417950519958272, 0.6728938949052197)
-1.7627149537788858	0.20749443286423136	(0.0, 0.9409919815285641, 0.673275153610983)
-1.7643653298295316	0.2057668469175172	(0.0, 0.9411571576694716, 0.6742489833611451)
-1.7716484059652002	0.20518641038939325	(0.0, 0.9417821510946041, 0.6745255542917139)
-1.7795408172275373	0.23396030413926927	(0.0, 0.942036055508166, 0.6580141609064193)
-1.7748908097482303	0.23645860529417276	(0.0, 0.9416094823407701, 0.6566193765281875)
-1.7716133484173848	0.23405233985331927	(0.0, 0.9413666868771915, 0.658022762962431)
-1.7640065715637694	0.23283617609003754	(0.0, 0.9407394056155015, 0.6587780520900717)
-1.7804204295148238	0.19066817463781463	(0.0, 0.9427324565653787, 0.6827437423286858)
-1.7929519509555711	0.2201111451511722	(0.0, 0.943354050480078, 0.665837309627554)
-1.7787482377912018	0.22536521665812426	(0.0, 0.9420909303342324, 0.6629397938584981)
-1.78853725243359	0.2352093309246674	(0.0, 0.9427723125873101, 0.6572295352356529)
-1.7775453554108336	0.20902980261222245	(0.0, 0.9422235846335291, 0.6722866004758883)
-1.7385893114903206	0.21859476827397686	(0.0, 0.9387649381320007, 0.6671199083770881)
-1.7207807370299988	0.17366197075333462	(0.0, 0.9378783366174251, 0.692871382858147)
-1.7896753126082197	0.22597082578015001	(0.0, 0.9429976582647585, 0.6625099662259007)
-1.7711381943082176	0.22002164687403705	(0.0, 0.9415255746508265, 0.6660539761272075)
-1.782100103840025	0.23598490684471854	(0.0, 0.9422225076860565, 0.6568348969267004)
-1.7652333308292145	0.2262602856136571	(0.0, 0.9409366793896985, 0.6625315070514504)
-1.7675755635556336	0.21062009635280923	(0.0, 0.9413591386232522, 0.6714534662345437)
-1.7771928977057885	0.2346588015153814	(0.0, 0.9418287335031802, 0.657632303593689)
-1.7829638893708075	0.21724875250313247	(0.0, 0.9425604995868663, 0.6675494022921209)
-1.7907173060736425	0.22004932551139406	(0.0, 0.9431687335937756, 0.6658895269085919)
-1.7934284456825467	0.2036478482228138	(0.0, 0.9436301750844659, 0.6752416228219037)
-1.770973440836219	0.21132695845545968	(0.0, 0.9416363939646629, 0.6710240124475038)
-1.7820238203897938	0.21775445906497704	(0.0, 0.9424744422722349, 0.6672674131416174)
-1.7819988423718003	0.21457645315179577	(0.0, 0.9425178604240653, 0.6690841267092601)
-1.7874652274510006	0.24344967174410312	(0.0, 0.9425674712393866, 0.6525157024940478)
-1.761166720474373	0.2195895688077923	(0.0, 0.940686266150813, 0.6663772674087504)
-1.789459577378933	0.2237774248846306	(0.0, 0.9430107684869706, 0.6637665940009756)
-1.7720296732199194	0.20131123221621702	(0.0, 0.9418706177682321, 0.6767346250416781)
-1.7624903257380273	0.22340318485064012	(0.0, 0.9407443693883036, 0.6641867381294048)
-1.7988166317567185	0.22679319226769318	(0.0, 0.9437465471138421, 0.6619699551014696)
-1.7743737199029828	0.2287006449873876	(0.0, 0.9416752863365804, 0.6610648590314405)
-1.7774118029296466	0.22249463554498655	(0.0, 0.9420193339516322, 0.6645920055935484)
-1.7674071241474485	0.24470501578555545	(0.0, 0.9408614067941625, 0.651952783661643)
-1.7974943742437952	0.21343196792576144	(0.0, 0.9438270922929063, 0.6696219606753695)
-1.7944322772678065	0.22445209029808416	(0.0, 0.9434155366000686, 0.6633429002114504)
-1.8129293612932906	0.23869175822307284	(0.0, 0.9447444067684789, 0.6550474259844078)
-1.7718251086444532	0.22902279206407483	(0.0, 0.9414556063207283, 0.6609001265721741)
-1.7591038672266575	0.24380469345093655	(0.0, 0.9401682082675461, 0.652534194197826)
-1.7841868811766808	0.21335106927542233	(0.0, 0.9427188249535926, 0.6697679262537718)
-1.7839598976544684	0.23246677194546808	(0.0, 0.9424279311778112, 0.6588353418618038)
-1.7697877402485773	0.2359311170534462	(0.0, 0.941185879236056, 0.6569611039040324)
-1.7907335494805328	0.22122385284907103	(0.0, 0.9431533585425782, 0.6652176631314711)
-1.7478996323875662	0.21495189706817905	(0.0, 0.9396190578873895, 0.669129202000614)
-1.7832017141365804	0.2212227693135699	(0.0, 0.9425237001992444, 0.6652753422451413)
-1.7934339189793833	0.20608903932809614	(0.0, 0.9435953261785032, 0.6738475235631113)
-1.764304528719696	0.22500239177905118	(0.0, 0.940875726108539, 0.6632581788891113)
-1.7819160437398354	0.21708575301731617	(0.0, 0.9424749669229247, 0.6676505037526871)
-1.781012634071425	0.21809585473251553	(0.0, 0.9423847161601981, 0.6670798961434796)
-1.7771105536420237	0.22638492616555875	(0.0, 0.9419386894403771, 0.6623689238206716)
-1.7691335514463749	0.19231265166531708	(0.0, 0.9417574263679689, 0.6818893701499469)
-1.767741730112406	0.2258670149719999	(0.0, 0.9411549332104479, 0.6627371527331166)
-1.7702673802407496	0.24264736668257755	(0.0, 0.9411323202029517, 0.6531097019589275)
-1.7745943543674871	0.22030079638814398	(0.0, 0.9418133060825175, 0.6658680186950026)
-1.7749119652145775	0.2234424825852179	(0.0, 0.9417953021397231, 0.6640689826852959)
-1.7825712809437206	0.22833632576266508	(0.0, 0.9423698435238602, 0.6612104535303763)
-1.7647147201245736	0.23010355986548667	(0.0, 0.9408381635590061, 0.6603365683048927)
-1.797078567746339	0.2039080765404955	(0.0, 0.9439297417192452, 0.6750660270663315)
-1.7900365658590451	0.22207579044915596	(0.0, 0.9430831014608638, 0.6647356435766864)
-1.7529407960149275	0.22039406114968926	(0.0, 0.9399729515931857, 0.6659806751141085)
-1.7727247996952924	0.2343459051449732	(0.0, 0.9414564352284834, 0.6578460591590923)
-1.796094712563539	0.2254838719408341	(0.0, 0.9435391208116967, 0.6627399051289835)
-1.759277306338363	0.2259996818222812	(0.0, 0.9404339681188126, 0.6627265596582242)
-1.7857490667476432	0.2283858529426736	(0.0, 0.9426353565459936, 0.6611578037227734)
-1.7732441552688059	0.24524055490748975	(0.0, 0.9413477130682841, 0.6515999510298209)
-1.7798497333781074	0.2382511645251203	(0.0, 0.9420017530496594, 0.6555540925506079)
-1.772813539610058	0.22796867356822506	(0.0, 0.9415540102589514, 0.6614957218485636)
-1.8062150023883778	0.2057276027692759	(0.0, 0.9446594274314836, 0.6739594312413154)
-1.7699095163526812	0.21389143263203664	(0.0, 0.9415095528970872, 0.6695669983796173)
-1.7579955837415482	0.21802258176190742	(0.0, 0.9404386304407628, 0.6672972072829472)
-1.7656523058805855	0.21668172603069502	(0.0, 0.9411089515783995, 0.6680049379101843)
-1.781664119838777	0.23997053338304414	(0.0, 0.9421300619824029, 0.6545548735314278)
-1.7753110772325642	0.2199148375104335	(0.0, 0.9418792259675218, 0.6660832360608898)
-1.78599159387702	0.25597813327438007	(0.0, 0.9422707476835339, 0.6453393933237429)
-1.7815256138340194	0.20347401832327777	(0.0, 0.9426382951856876, 0.6754292774693507)
-1.778419860733096	0.21546245684035034	(0.0, 0.9422046050343514, 0.6686047924524241)
-1.783165282329614	0.2576546983181788	(0.0, 0.9420108638736346, 0.6443990534017318)
-1.7730184332883012	0.2171211548841453	(0.0, 0.9417258454170068, 0.6676977165545938)
-1.7975409197581123	0.22053321038487841	(0.0, 0.9437295224456431, 0.6655613393106111)
-1.7960922305350044	0.2147741445641345	(0.0, 0.9436914413661216, 0.6688652576686914)
-1.7720464394476332	0.23195736579593088	(0.0, 0.9414328189955287, 0.6592188012859677)
-1.7591560520126064	0.20719660374807106	(0.0, 0.9406935401341375, 0.6734721231936726)
-1.7621789750398544	0.22754986922936635	(0.0, 0.9406589191084979, 0.6618173634348906)
-1.7653208055061056	0.21083515104557965	(0.0, 0.9411649282413003, 0.6713477112475789)
-1.8010484991873001	0.21267732452297253	(0.0, 0.944132514842586, 0.6700267807483349)
-1.751643704573939	0.24535423159742392	(0.0, 0.9395090580617452, 0.6517051838554833)
-1.7816228419282316	0.23228724773825787	(0.0, 0.9422344801690126, 0.6589560991067228)
-1.7962828643395932	0.24265281430655178	(0.0, 0.9433135982347796, 0.6529042849346468)
-1.7589823764229535	0.2162288814549015	(0.0, 0.9405484683155166, 0.6683146579225046)
-1.6304723496766795	0.13704149535227222	(0.0, 0.9303113764478095, 0.7143410194870843)
-1.6378156186414228	0.16955617738939052	(0.0, 0.9304869547845248, 0.6958367372781804)
-1.652009078455369	0.17663016127484624	(0.0, 0.9316843671564957, 0.6917065726360679)
-1.637912054465846	0.1494937180834103	(0.0, 0.9308049231066183, 0.7072245045539268)
-1.5901901815262576	0.1490350572635123	(0.0, 0.9263351140381189, 0.70785165630577)
-1.5987739646697805	0.12352168556157393	(0.0, 0.9275549008938048, 0.722237239260529)
-1.640834504256411	0.1676181328785955	(0.0, 0.9307951036201243, 0.6969142401006574)
-1.6563847519513424	0.16591802005325682	(0.0, 0.9322469485415772, 0.6977603352164973)
-1.6491312467111734	0.15831813538739528	(0.0, 0.9317003221789678, 0.7021315395891226)
-1.6174481872726054	0.1658301770107562	(0.0, 0.9286498590197425, 0.6981113425829095)
-1.6290240690010138	0.1725776735869682	(0.0, 0.9296264162132201, 0.6941887205101821)
-1.6258400830174236	0.178650606862749	(0.0, 0.9292379793248005, 0.6907627894208557)
-1.5926442788249138	0.13803346843934708	(0.0, 0.926741971642239, 0.7140667959042274)
-1.5807227092574703	0.12665169734505544	(0.0, 0.9257845037456321, 0.7206028065279623)
-1.5730591780223793	0.1300614496047034	(0.0, 0.9249932703480109, 0.7187316709134995)
-1.5689405965393315	0.11366556527159553	(0.0, 0.9248599690532286, 0.7280391736074143)
-1.632346205403625	0.14021578527776393	(0.0, 0.9304351628333876, 0.7125277285406574)
-1.616306275785811	0.16708762945862268	(0.0, 0.92852360234095, 0.6974063349426454)
-1.6322121692710407	0.19465216463201196	(0.0, 0.9295898274270696, 0.6816110221563332)
-1.648034444581081	0.16252388112382551	(0.0, 0.9315351207640951, 0.6997520163664822)
-1.6289502365583386	0.16911233022224972	(0.0, 0.9296724242613554, 0.6961577931051378)
-1.6196590754061702	0.15264836885019067	(0.0, 0.9290603228778335, 0.7055746430516178)
-1.6087676917406524	0.16265426193362523	(0.0, 0.9278836196354647, 0.6999819806642872)
-1.6392063854844308	0.16632490560742272	(0.0, 0.9306647247530593, 0.6976613483734209)
-1.644546848592451	0.1650710739236253	(0.0, 0.9311758144020066, 0.698332261384577)
-1.6486322013082066	0.19274048917467135	(0.0, 0.9311331193519663, 0.6825685728398458)
-1.6243450556134145	0.15259948935274234	(0.0, 0.9294983696232725, 0.7055663501933698)
-1.6176628934486155	0.16001620816922088	(0.0, 0.9287594723348599, 0.7014098161295284)
-1.6320933658713592	0.17441873399738486	(0.0, 0.9298833170797278, 0.6931186561529662)
-1.6340483490768063	0.15534235549953013	(0.0, 0.9303570035347917, 0.7039357581592305)
-1.6695637361532687	0.1786813209350875	(0.0, 0.9332503233963825, 0.6904045008171459)
-1.6439804261483935	0.15921826684819715	(0.0, 0.9312135911747541, 0.7016598828842459)
-1.6330569183189991	0.15070549411828282	(0.0, 0.9303371147797825, 0.7065740776857032)
-1.6120661415368618	0.14504010001170156	(0.0, 0.9284676500792953, 0.7099472414159734)
-1.6526707425562635	0.15430849846845682	(0.0, 0.9320861528403844, 0.7043806026452929)
-1.6366344680844949	0.15419735450867586	(0.0, 0.9306139207353847, 0.7045656899608824)
-1.6225235423769422	0.16519726402421034	(0.0, 0.9291339744875617, 0.6984310937989008)
-1.635800554619643	0.1588178238861768	(0.0, 0.930465434714688, 0.7019498985014867)
-1.639058674231855	0.1409974851994231	(0.0, 0.931043395769047, 0.7120339932648203)
-1.6566817676227934	0.16078193750863604	(0.0, 0.9323526767532393, 0.7006751466273268)
-1.5927395117545617	0.16031559835903947	(0.0, 0.9264022745942506, 0.7014347394269684)
-1.5902741870515305	0.16440899561349015	(0.0, 0.926104136084082, 0.6991316565369091)
-1.6957082403249024	0.17338187746854034	(0.0, 0.9356737351419477, 0.693218913537629)
-1.6917017273656096	0.18371203345808704	(0.0, 0.9351621226288985, 0.6873722730312535)
-1.6013236863753797	0.1537361313570107	(0.0, 0.9273190883991674, 0.705099564894116)
-1.6158596636117604	0.14914447870056022	(0.0, 0.9287593402849065, 0.7075910722857874)
-1.617774408711517	0.14569727048480038	(0.0, 0.9289924927660509, 0.7095309748106179)
-1.6428303516754394	0.17325899715777368	(0.0, 0.9308930136493715, 0.6936939651752058)
-1.6342726157640597	0.16330994628207934	(0.0, 0.9302549412347971, 0.6994115369956805)
-1.6342649268744	0.1448333410435697	(0.0, 0.9305404839633783, 0.7098952937458772)
-1.6566434314348355	0.18247857149546465	(0.0, 0.9320196107870401, 0.68834484228348)
-1.6586958966195258	0.17233794628282026	(0.0, 0.9323598679130133, 0.6940947116820452)
-1.6803673248755737	0.16667481992046	(0.0, 0.9344054294080203, 0.6971478427516059)
-1.6826608666014515	0.1829010987242404	(0.0, 0.9343662193579213, 0.6879031287854452)
-1.5826420243027977	0.14683194078238285	(0.0, 0.9256483633879977, 0.7091591549668315)
-1.6178828438784618	0.17247797030991066	(0.0, 0.9285888143966223, 0.6943327456446852)
-1.5733389481862328	0.12656875970054537	(0.0, 0.9250761361560645, 0.7207063067821063)
-1.6014798920631246	0.12538250636461845	(0.0, 0.927781196924885, 0.7211634677224339)
-1.6276396958773913	0.1782933432032313	(0.0, 0.9294108895217918, 0.6909516670011622)
-1.6501112466574646	0.1660791904743953	(0.0, 0.9316710423322816, 0.6977168905216938)
-1.6303818270395125	0.12071074083654441	(0.0, 0.9305622349703789, 0.7235921436945442)
-1.6459535491900597	0.18792273489343508	(0.0, 0.9309591167244377, 0.6853314869920318)
-1.614536656085018	0.17697087770937872	(0.0, 0.9282067813762445, 0.6918066645674619)
-1.6479129576363019	0.17827422915692012	(0.0, 0.9312841765230652, 0.6908037404033546)
-1.6711588292738033	0.17369738426059075	(0.0, 0.9334697290108687, 0.6932262595283231)
-1.651252010681666	0.17605290013839853	(0.0, 0.9316238094089037, 0.692040609499135)
-1.6368253574281724	0.16708855720491342	(0.0, 0.9304331561584209, 0.6972460525047588)
-1.609948918567165	0.15806511733648881	(0.0, 0.9280657136772259, 0.7025768826117453)
-1.6178808201690786	0.14584830740286941	(0.0, 0.929000085551801, 0.709444530556927)
-1.5852896181229075	0.15055826888485943	(0.0, 0.9258433675295049, 0.7070264435506296)
-1.627695759316441	0.17384646549675317	(0.0, 0.9294836182435419, 0.6934782557592505)
-1.6410937306374769	0.1684805690256444	(0.0, 0.9308058239698054, 0.6964223450047249)
-1.5811225661826704	0.16844345757251938	(0.0, 0.9251666515366739, 0.6969148172089317)
-1.5630098113363007	0.10434406184261809	(0.0, 0.9244380083296729, 0.7333536462961107)
-1.6562706790150252	0.16611445941061176	(0.0, 0.9322335428791192, 0.6976496175041887)
-1.658126783190366	0.1914079459711505	(0.0, 0.932021254098695, 0.6832522412441752)
-1.6362421874017752	0.1798882363092207	(0.0, 0.930184652636623, 0.6899774188807002)
-1.6403967120811664	0.1571755017203321	(0.0, 0.9309151171374518, 0.7028468326577816)
-1.648148208063467	0.1630551863965603	(0.0, 0.931537406657448, 0.6994494342814034)
-1.6087745173465293	0.14828202725983614	(0.0, 0.9281073856595301, 0.7081346120858941)
-1.65510534678908	0.197435741031274	(0.0, 0.9316559683271687, 0.6798440040741855)
-1.6139379247501802	0.13419155673911082	(0.0, 0.9288142073901325, 0.7160806914680808)
-1.6585014083045388	0.14473256610624907	(0.0, 0.9327666775600878, 0.7097700176613004)
-1.636903137555306	0.1465550565278341	(0.0, 0.9307575227193381, 0.7088989408180767)
-1.6468963142969824	0.172207577718787	(0.0, 0.9312828050688459, 0.694259909208522)
-1.6525012774849166	0.15106875028198413	(0.0, 0.9321207987879755, 0.7062204152177513)
-1.631582381455631	0.1616450240822062	(0.0, 0.9300312657077253, 0.700377538144666)
-1.640816778946171	0.15496558046679942	(0.0, 0.9309879774581322, 0.7040978228786394)
-1.602292850900427	0.16355297110168257	(0.0, 0.9272586910366784, 0.6995226894332622)
-1.6461912279994992	0.16759366967935482	(0.0, 0.9312883518069659, 0.6968867773569413)
-1.6341552666911836	0.1813293480619276	(0.0, 0.9299697425506617, 0.6891745011490493)
-1.64057271895947	0.16802610456871978	(0.0, 0.9307647383741937, 0.6966845292542081)
-1.6333427404122567	0.16494731418867728	(0.0, 0.9301437040651109, 0.6984890190746327)
-1.6362472181123937	0.16024510092851396	(0.0, 0.9304847400960398, 0.7011362941025651)
-1.6509239577285861	0.14235188555978492	(0.0, 0.9321122209155535, 0.711176945987209)
-1.6133939899654643	0.1563172787690397	(0.0, 0.9284165483650229, 0.7035417536778343)
-1.6919000327559892	0.18115283969389415	(0.0, 0.9352180888796227, 0.6888271740479098)
-1.6598864911472555	0.18915655736474085	(0.0, 0.9322151418554611, 0.6845199102075329)
-1.6088111376686451	0.13685234191801815	(0.0, 0.9282904643678673, 0.7146122206354777)
-1.5979440146752888	0.15715123031565748	(0.0, 0.9269458344500484, 0.7031889664720754)
-1.6092687055806696	0.17550758461665986	(0.0, 0.9277338480928741, 0.6926797612768696)
-1.6073856392288293	0.14089726370883593	(0.0, 0.9280924351750433, 0.7123311709370282)
-1.5863929785526854	0.1338228330547201	(0.0, 0.9262127623401405, 0.7164995986834228)
-1.610687131371856	0.14204508006004832	(0.0, 0.928385079938097, 0.7116554239385484)
-1.6186376768475836	0.154848714824871	(0.0, 0.9289306547533309, 0.7043343320616363)
-1.6044392275783668	0.1521065104199916	(0.0, 0.9276389586420277, 0.7059995316760783)
0.6383213984753465	0.3852676531493771	(1.0, 0.3246829126858163, 0.6097926881750267)
0.646520183347421	0.4111943340516627	(1.0, 0.31583595083473986, 0.5960328129921005)
0.6363383556602039	0.3357037262605822	(1.0, 0.32882695165909626, 0.6364091048146397)
0.6036859512735212	0.3901976396057426	(1.0, 0.3543504474899599, 0.6063068524414899)
0.6625919346768062	0.45926551164272184	(1.0, 0.29774972563601126, 0.5705341824003576)
0.6399533178361909	0.4594021120741996	(1.0, 0.3198472871513452, 0.5698657667910841)
0.6519811822052207	0.46003692322156486	(1.0, 0.308330078807581, 0.5698386221348967)
0.6560993784129979	0.42196646182082626	(1.0, 0.306051258923625, 0.590470354249618)
0.42064067900719526	-1.3483356139771492	(0.8708850778399567, 0.5741773514195445, 1.0)
0.42819724453307373	-1.3608327045038315	(0.8694190340898261, 0.5720939782683975, 1.0)
0.4484097557744076	-1.3053955763070706	(0.9178223357048133, 0.5585070135529613, 1.0)
0.428459756344992	-1.3331104013359114	(0.8863290046078652, 0.5695488557816553, 1.0)
0.4173320886455333	-1.3501597620647328	(0.8670636789898443, 0.5757201931320605, 1.0)
0.39228037077179656	-1.3789552804619627	(0.8276351868065854, 0.5884742346830827, 1.0)
0.422757069338455	-1.3509087542120715	(0.8710443168328074, 0.5735138037998411, 1.0)
0.4067407034012848	-1.3411150215858956	(0.86392148080289, 0.5793328289700301, 1.0)
0.41863329255192017	-1.3744508619083116	(0.8529802065130192, 0.5773020517164843, 1.0)
0.40963889150265653	-1.339886495646352	(0.8670470491252308, 0.5780294282327961, 1.0)
0.4069264462043293	-1.3567987953785319	(0.8543454514110166, 0.5806071193474537, 1.0)
0.4174850111360782	-1.3207463313153058	(0.8848395219243113, 0.573110984143935, 1.0)
0.42565666335932445	-1.315662919722204	(0.894286953391889, 0.5692220638725419, 1.0)
0.4247568683981433	-1.3433342794448844	(0.8772582800655826, 0.5720096361636996, 1.0)
0.42780853517124784	-1.3609355093623872	(0.8690369705968561, 0.5722671591997948, 1.0)
0.417880955881043	-1.3174999357298949	(0.8870568143699922, 0.572665400902077, 1.0)
0.42395316390517923	-1.342513188620425	(0.8771016665131083, 0.5722768436892143, 1.0)
0.4388972988938974	-1.3507763768270287	(0.88420937701975, 0.5666490377572587, 1.0)
0.41940733885721776	-1.3294292031840298	(0.881253079919246, 0.5730528656328762, 1.0)
0.41082887446091276	-1.3289883377703442	(0.8746021783141774, 0.5765993294475933, 1.0)
0.4189822263838835	-1.336069141140612	(0.8769505480969961, 0.5738062480042747, 1.0)
0.4272439527834362	-1.3422227226356198	(0.8799355030393947, 0.5708613523706868, 1.0)
0.4503952401269901	-1.3622847303915073	(0.8865764561564525, 0.5627136343658725, 1.0)
0.4185962586454595	-1.3539683180667794	(0.8657607428211221, 0.5755241514701815, 1.0)
0.44339472580563577	-1.3571507515832602	(0.8840145496213894, 0.5652828126547881, 1.0)
0.4271178257469257	-1.2896225054858421	(0.9101804202378881, 0.5663546604069523, 1.0)
0.4365863336401507	-1.3626579672012586	(0.8751608975265556, 0.5686942928647656, 1.0)
0.40038984012037154	-1.3353960459359429	(0.8622130230043376, 0.5814543376946467, 1.0)
0.41858131608980254	-1.36431897338263	(0.8593239350468515, 0.5764349289203391, 1.0)
0.4241504914490754	-1.3671194715401493	(0.862191250858379, 0.5743517323034498, 1.0)
0.4065369191594378	-1.3758241582102377	(0.8418957164294717, 0.5824160716911495, 1.0)
0.41261327885138455	-1.3360870881419502	(0.8717779323955243, 0.576467804014113, 1.0)
0.4196596257583232	-1.3447561170501885	(0.8722614062491795, 0.5742767267966613, 1.0)
0.4044994068926539	-1.3279800507362585	(0.8700772300534099, 0.5791332340300005, 1.0)
0.419061261048925	-1.3208023041006425	(0.8860642215989718, 0.5724534513414659, 1.0)
0.3918581650669976	-1.3998267040015482	(0.8131946815497978, 0.5904446656654215, 1.0)
0.4137078708349524	-1.320511335320076	(0.8819579699019942, 0.5746725914569768, 1.0)
0.4251523730530234	-1.369959523483711	(0.8612472062181132, 0.5741816463824957, 1.0)
0.44865469477874625	-1.3515166422627536	(0.8915941736912524, 0.5625016488696419, 1.0)
0.41882269598555755	-1.3437589446857028	(0.8721849073751812, 0.5745405399830659, 1.0)
0.4047908821019233	-1.3481301856034056	(0.8579850930817671, 0.5807382254711588, 1.0)
0.41239097542070446	-1.3587280942443702	(0.85768137672624, 0.5785190609285383, 1.0)
0.4334014857326663	-1.3184465927405897	(0.898785667655339, 0.5661594146764625, 1.0)
0.4144802314575204	-1.3492460928008267	(0.8652844206263887, 0.5768289481071075, 1.0)
0.4226199398700314	-1.3272525808202305	(0.885114255949256, 0.5715116260210034, 1.0)
0.41082683685535537	-1.3182156727400887	(0.881004575250873, 0.5756777713321994, 1.0)
0.42335084463878037	-1.303354020521142	(0.8995301450765861, 0.5691390473220851, 1.0)
0.4085244232696202	-1.3698832210208964	(0.8473964274229695, 0.58108382333183, 1.0)
0.42896488892644535	-1.3587496858816486	(0.8713257960281102, 0.5715857832653992, 1.0)
0.40664064182475884	-1.3339909806270962	(0.8681846570009787, 0.5787632461058595, 1.0)
0.40554217423350025	-1.3435741020582024	(0.8614244133242062, 0.5800378594251521, 1.0)
0.42473134196899187	-1.3425996019132844	(0.8776793995213206, 0.571956215838174, 1.0)
0.4186791197570908	-1.3477278173317302	(0.8696538165086257, 0.5749458002868268, 1.0)
0.43162890526624315	-1.3432394625347654	(0.8828610149380118, 0.5690891864841835, 1.0)
0.4162441426537192	-1.3528153583139844	(0.8645370450499242, 0.5764048328329793, 1.0)
0.4199785125727041	-1.3710918124488596	(0.8562317215900974, 0.5764464856869889, 1.0)
0.40936679403866727	-1.3242376058191792	(0.8762605556020358, 0.5767996844469385, 1.0)
0.41053699251384174	-1.3656665716329703	(0.8517695526033066, 0.5798883570693587, 1.0)
0.4053503604411405	-1.357405289149495	(0.8526499880283808, 0.5813071385597343, 1.0)
0.4095408124961177	-1.3490481887640962	(0.861340938257873, 0.5788597374789037, 1.0)
0.43502106608895874	-1.347924945381388	(0.8827930565306957, 0.5680558731410859, 1.0)
0.42033368898259155	-1.3649798275325085	(0.8603645305229611, 0.5757615925427628, 1.0)
0.4310160699072053	-1.3024741434318394	(0.9060079155919825, 0.5657934677834878, 1.0)
0.41717828888435443	-1.3371254272336528	(0.874856367717937, 0.574653285935072, 1.0)
0.3987299721893372	-1.3793479277924752	(0.8329318394475659, 0.5859033727692884, 1.0)
0.4162648967355576	-1.3505082178384729	(0.8659742119456676, 0.5761955540052276, 1.0)
0.40674794739087655	-1.351475321437335	(0.8575255435050826, 0.5802211908164445, 1.0)
0.43714913749716355	-1.344205394034284	(0.8867193974487037, 0.566816373539854, 1.0)
0.4246483783559968	-1.3637417816600799	(0.8647037057216843, 0.5738452252250456, 1.0)
0.4217035757360594	-1.3482668106423203	(0.871793959904571, 0.5737254231883014, 1.0)
0.41214560175378706	-1.3240278609529257	(0.8786231523225859, 0.5756259432676031, 1.0)
0.41780386784449897	-1.349977603573003	(0.8675620504274827, 0.5755073901988372, 1.0)
0.4135588494360635	-1.3470800826413798	(0.8658581130956797, 0.5770242762380544, 1.0)
0.41612247808652136	-1.3298940736731435	(0.8783341515588808, 0.5744700928419083, 1.0)
0.4203017004069177	-1.368782321178323	(0.8579552658853531, 0.576108727000621, 1.0)
0.42683631138018535	-1.39289525899844	(0.8480688898105456, 0.5755100193271182, 1.0)
0.4283214643732045	-1.3567256096076545	(0.8720378856858552, 0.5716793649359091, 1.0)
0.4073033880717577	-1.3519643236816918	(0.8576813760039925, 0.58003462400239, 1.0)
0.4224600460285975	-1.3217343771147383	(0.8882256222396939, 0.571101289537623, 1.0)
0.42370336991099933	-1.3720301968617694	(0.8587444971582265, 0.5749721287435249, 1.0)
0.39827464521712846	-1.3397601936716181	(0.8577844694237331, 0.5826910903224354, 1.0)
0.41039712382027727	-1.3421351991837334	(0.8662946135807441, 0.5779090274282799, 1.0)
0.4101928040911703	-1.3595175441245704	(0.8553591521437347, 0.5794963982493351, 1.0)
0.41853080996815634	-1.3254199008713186	(0.8829233999053925, 0.573074648614414, 1.0)
0.4263164529736783	-1.3245183951511315	(0.8896655708015173, 0.5697100844690913, 1.0)
0.4099792013848048	-1.3451295512338912	(0.8641169106954393, 0.5783402563110801, 1.0)
0.41068871672589324	-1.3620904616525684	(0.8541548446241203, 0.5795149619593898, 1.0)
0.42121552147174685	-1.3631072112091007	(0.8622624670065018, 0.5752286745972444, 1.0)
0.4082073176063047	-1.3249085926354631	(0.8749244287624326, 0.5773380636714472, 1.0)
0.4092291700595664	-1.353525822225649	(0.8583048340599457, 0.5793753450758617, 1.0)
0.4163323168596381	-1.348523393009361	(0.8672472381136398, 0.5759949778790512, 1.0)
0.41285432468539884	-1.3216155582945992	(0.8806218817791837, 0.5751236273959015, 1.0)
0.39630836923919777	-1.3202825650336643	(0.8680590949014706, 0.5818429322081365, 1.0)
0.43027017566315534	-1.3745711454724048	(0.8626053266815698, 0.5724349756435743, 1.0)
0.4164965700351865	-1.3541550188121556	(0.8639180979767398, 0.5764162721503417, 1.0)
0.44428817178823804	-1.3282627114763563	(0.901700676250749, 0.562325860945271, 1.0)
0.4208296882406149	-1.3501360649766523	(0.8699413535669376, 0.5742551950141849, 1.0)
0.43761914106001487	-1.3420592599960708	(0.8883670508070133, 0.5664249986525228, 1.0)
0.45592502998037554	-1.3484208306728853	(0.8991972050700546, 0.559047163077125, 1.0)
0.40820170646453147	-1.3615186436334223	(0.8524385676532031, 0.5804906719253617, 1.0)
0.4108984944321795	-1.3596293506597614	(0.8558764151332481, 0.5792146384802955, 1.0)
0.4144563959878417	-1.3574692856590893	(0.8601788131553363, 0.5775532232598635, 1.0)
0.4197497151347349	-1.3492737459497484	(0.8695851752120696, 0.5746324341658583, 1.0)
0.41835581880195644	-1.3465593117084582	(0.8701021678511416, 0.574979349743899, 1.0)
0.4134199690409664	-1.3354972424753409	(0.8727891689423646, 0.576081222660055, 1.0)
0.427978116136374	-1.335904669595532	(0.8842905881120602, 0.5699974964504197, 1.0)
0.43016275146388644	-1.355638119988754	(0.8742031174080424, 0.5708041292776397, 1.0)
0.43137466569970123	-1.353092083694686	(0.8767342856956168, 0.5700653097261937, 1.0)
0.40846198757719493	-1.3552664459029955	(0.8565824611793416, 0.5798423323694059, 1.0)
0.41766573819880487	-1.3873049289882904	(0.8439108030227628, 0.578835676751865, 1.0)
0.4193362859921433	-1.3586339703906238	(0.8634879836984984, 0.5756224838255096, 1.0)
0.41704288952060714	-1.3393006785695067	(0.873435493487715, 0.5748982776138891, 1.0)
0.4263160814229843	-1.3470545962804816	(0.87627940769938, 0.5716769700855677, 1.0)
0.40624299785418666	-1.3766482218589944	(0.8411125620993483, 0.5826081170428093, 1.0)
0.41658986813724336	-1.3417223349464682	(0.8716021329531659, 0.5752973971149903, 1.0)
0.4407404187102761	-1.3696318789367683	(0.8742865025888642, 0.5675405536728786, 1.0)
0.4101883000921205	-1.3383664916201543	(0.868421419892059, 0.5776710076483206, 1.0)
0.41413040070396345	-1.3569598661417934	(0.8602259811679077, 0.5776442533837434, 1.0)
0.4316131791922405	-1.32339138869263	(0.8945214542345664, 0.5673565688732117, 1.0)
0.4157321692099896	-1.3320526123916174	(0.8767302256236097, 0.5748195061375111, 1.0)
0.41623761952952487	-1.3549231457367423	(0.8632299419097705, 0.5765909925188323, 1.0)
0.42647214190273797	-1.3705261406651228	(0.8619871319208462, 0.5736770873060133, 1.0)
0.4229927887225336	-1.3436225021472918	(0.8756554163087701, 0.5727781710363032, 1.0)
0.4067351437014697	-1.3484119622748163	(0.8594183224151062, 0.5799625490561633, 1.0)
0.4147632243576078	-1.3312518156140325	(0.8764267966202385, 0.5751551878977325, 1.0)
0.4227027729867036	-1.3395410949149915	(0.8778755441764046, 0.5725444825921594, 1.0)
0.4253454912621563	-1.3661160533425871	(0.8638046407675586, 0.5737614459653555, 1.0)
0.4077974571145758	-1.310884576398085	(0.882891567696488, 0.5763130421968407, 1.0)
0.402115376451619	-1.3445373135373104	(0.8580010672653351, 0.5815280160914457, 1.0)
0.40423479032578796	-1.3523095658260371	(0.8549184988889472, 0.5813259447760755, 1.0)
0.40625251475250823	-1.36650573077833	(0.8476398741066812, 0.5817237769091425, 1.0)
0.4137059441723562	-1.3632407400992934	(0.8559463906257772, 0.5783670098425745, 1.0)
0.4127592589958431	-1.336645803860937	(0.8715589443946231, 0.5764552319521927, 1.0)
0.4445518225280512	-1.3552699627038087	(0.8860730985632476, 0.5646153471549361, 1.0)
0.3876138844908626	-1.3387946949166696	(0.8495388587271506, 0.5869332251935131, 1.0)
0.43035848646950653	-1.3623698765266525	(0.8702460631727706, 0.5713159409389816, 1.0)
0.411792357877498	-1.365186872457838	(0.8531233165171159, 0.5793283184866818, 1.0)
0.416172611577448	-1.3480190332422097	(0.8674252764574489, 0.5760177563941218, 1.0)
0.4095308437877278	-1.341792547997851	(0.8657945796566545, 0.578238236592339, 1.0)
0.41519938170956716	-1.344313408606808	(0.8688929689832865, 0.5761019588982452, 1.0)
0.4198261772069297	-1.3280975370756185	(0.8823784051615094, 0.5727616510368135, 1.0)
0.42570872952416033	-1.3470209905339967	(0.8758069645956703, 0.5719304864903886, 1.0)
0.4136269065193608	-1.376478481985284	(0.8474756323441575, 0.5795558756317668, 1.0)
0.4215896252173884	-1.3553386020427385	(0.8673760277547394, 0.5743913176265821, 1.0)
0.419282257943631	-1.349695907819632	(0.8689449342372058, 0.5748648832385286, 1.0)
0.42650341687041327	-1.3934299251827496	(0.8474408206333256, 0.5756970955527837, 1.0)
0.41342294501447335	-1.342771563926419	(0.8683813434505383, 0.5767079866181029, 1.0)
0.4139303418201523	-1.3393788884151334	(0.8708573893851718, 0.5762036706744369, 1.0)
0.411493778902893	-1.3345845434210022	(0.8717756209979691, 0.5768038375237358, 1.0)
0.42114446838570796	-1.4011226901579636	(0.8378388628127581, 0.578616434831393, 1.0)
0.41381203914190384	-1.3632352092694666	(0.8560382273390446, 0.5783225621579012, 1.0)
0.4138150679432971	-1.3250054833571316	(0.879385058998452, 0.5750135563895405, 1.0)
0.42546604978248675	-1.3371155213039623	(0.8815534027141855, 0.5711671443382285, 1.0)
0.4333713328427178	-1.3478328932418122	(0.8815181937909946, 0.5687516789491579, 1.0)
0.4135919706802851	-1.304777393857787	(0.8910411620307048, 0.5733759201417309, 1.0)
0.41642264631040043	-1.3597723121494512	(0.8603726517499212, 0.5769365848886094, 1.0)
0.41043253872567975	-1.3390323099888837	(0.8682158446772202, 0.5776270682094956, 1.0)
0.40682482302122963	-1.365519553679131	(0.8487492564609198, 0.5814034264555045, 1.0)
0.39781557598750333	-1.353969921415021	(0.8485164475842994, 0.5840914433625507, 1.0)
0.4116969848214419	-1.3641760578709932	(0.8536818531920086, 0.579279769604781, 1.0)
0.4244915850036667	-1.3334859459234965	(0.8829280480655572, 0.5712627209250346, 1.0)
0.44321420305024045	-1.3539920481459358	(0.8857609580228353, 0.5650784230538098, 1.0)
0.41622338048232155	-1.3287059350729318	(0.8791230209072757, 0.5743254176170169, 1.0)
0.4313983955285732	-1.370655071882926	(0.865981147922265, 0.5716101412634714, 1.0)
0.4015817481930904	-1.309217591191938	(0.8789011683546089, 0.5787441515537308, 1.0)
0.41511963996281365	-1.368738223117063	(0.8536600321955998, 0.5782607863259683, 1.0)
0.40795809181829285	-1.3461902770595982	(0.861801275275638, 0.5792669855097597, 1.0)
0.41833618228986896	-1.3691361668660664	(0.8560950070044591, 0.5769591459647726, 1.0)
0.43464045592905354	-1.3567411894881203	(0.8771758028907913, 0.5689986490671792, 1.0)
0.4322923070219428	-1.3428037342816304	(0.8836543022140989, 0.568768334785328, 1.0)
0.44244229973086646	-1.3241511103494947	(0.9026124238676564, 0.5627630200317907, 1.0)
0.4386337923383546	-1.3089282457496556	(0.9082915238160763, 0.5630746564990509, 1.0)
0.4160822179897692	-1.346631460181445	(0.8681999825320761, 0.5759349861386925, 1.0)
0.41376979915407763	-1.3126786621581004	(0.8866004964844805, 0.5739759934994698, 1.0)
0.42347261025602484	-1.3300614722261481	(0.8841388933212553, 0.5713953954304427, 1.0)
0.40626323709848533	-1.3367388330851997	(0.8662054755304395, 0.5791544160153878, 1.0)
0.41883419080238105	-1.3479011399424392	(0.8696747775645651, 0.5748960226096087, 1.0)
0.42165340905219556	-1.3942735345462036	(0.8427697753981358, 0.577796341670627, 1.0)
0.4172511287522452	-1.338667977876585	(0.8739862629082545, 0.5747563976574301, 1.0)
0.4193745301669173	-1.3552515537147714	(0.8656098925136574, 0.5753109431363984, 1.0)
0.4524121480442006	-0.6633915941118878	(1.0, 0.506860832001409, 1.0)
0.46715462443332817	-0.6226819736926897	(1.0, 0.4967207934211843, 1.0)
0.47157104819701584	-0.7099520419168405	(1.0, 0.5004123782361667, 1.0)
0.48301220735745	-0.6544708590167343	(1.0, 0.49066526828948137, 1.0)
0.4866193389451801	-0.5687862352926425	(1.0, 0.48297201475688495, 1.0)
0.47243643049872575	-0.6167789421416926	(1.0, 0.4936104597957494, 1.0)
0.47119957826295106	-0.6295692631891245	(1.0, 0.49510288110062023, 1.0)
0.4681650999919005	-0.5594038392643153	(1.0, 0.49206987053976586, 1.0)
0.48130610277404295	-0.6092942312330475	(1.0, 0.488486387483456, 1.0)
0.4669108091300635	-0.5613570588542198	(1.0, 0.4928445844512846, 1.0)
0.46990043073054794	-0.6670072259086368	(1.0, 0.4982988247983953, 1.0)
0.4964693786300036	-0.6434840796206857	(1.0, 0.4827783671484727, 1.0)
0.4718605360283779	-0.5962536735170719	(1.0, 0.49254950186887464, 1.0)
0.4905079542175122	-0.5308651263271221	(1.0, 0.4783922439758495, 1.0)
0.48028361423557386	-0.6741224515855274	(1.0, 0.49344517958517703, 1.0)
0.4729685790170515	-0.667000598527046	(1.0, 0.49672809033756765, 1.0)
0.4931117310545138	-0.6260768276629337	(1.0, 0.4833694026954484, 1.0)
0.4631609847421155	-0.6289291711590459	(1.0, 0.4991723007693429, 1.0)
0.4564382847931142	-0.8483039764791893	(1.0, 0.5178300718738206, 1.0)
0.46969863381855403	-0.8327546765432848	(1.0, 0.5101895286721885, 1.0)
0.49342717951582943	-0.5668554672643092	(1.0, 0.47918574177602963, 1.0)
0.4815466386488884	-0.6059567041284427	(1.0, 0.4881360215240688, 1.0)
0.49133982268643467	-0.5858330988552689	(1.0, 0.48158109500190865, 1.0)
0.49371965791270156	-0.5487103085026929	(1.0, 0.477822514506587, 1.0)
0.4770069709210317	-0.7983947466310275	(1.0, 0.5040005272751039, 1.0)
0.4740029934315394	-0.7655577811321779	(1.0, 0.5031266753236643, 1.0)
0.46179410199510945	-0.6059146428814953	(1.0, 0.49835373319323767, 1.0)
0.46552934985651945	-0.5881851623935235	(1.0, 0.49528875492324637, 1.0)
0.4824513945162513	-0.7242862563269278	(1.0, 0.49585413101478343, 1.0)
0.46861042059143987	-0.6950528185099195	(1.0, 0.500879917913596, 1.0)
0.46655727838131	-0.6468449222035986	(1.0, 0.4986392424932035, 1.0)
0.47668360594440284	-0.6529921806525014	(1.0, 0.49385593027841995, 1.0)
0.48112374158079263	-0.6054313298224482	(1.0, 0.48832320942592383, 1.0)
0.4665561601499741	-0.5992012322873863	(1.0, 0.49547993516063565, 1.0)
0.4851617461065871	-0.5606868327294189	(1.0, 0.48321594815762686, 1.0)
0.47136107024633084	-0.5816336555026954	(1.0, 0.4918504551165834, 1.0)
0.4918724624183903	-0.5955320965748632	(1.0, 0.48194908840652523, 1.0)
0.47251855539109094	-0.5882707490420513	(1.0, 0.4916834349547207, 1.0)
0.46747081867846424	-0.818343389296659	(1.0, 0.5102308730893695, 1.0)
0.43937419557481694	-0.7675052468128231	(1.0, 0.5202819845846497, 1.0)
0.458802386994521	-0.5753895308529732	(1.0, 0.49790362184212683, 1.0)
0.45623853701546213	-0.6582622758254447	(1.0, 0.5046120494220917, 1.0)
0.47516410473134446	-0.6109900433986637	(1.0, 0.4918104154023592, 1.0)
0.478290643230789	-0.6005945054643106	(1.0, 0.48948672825597966, 1.0)
0.47543675493367665	-0.6065242154230358	(1.0, 0.4913712488910889, 1.0)
0.477460950428516	-0.5989426372720038	(1.0, 0.4898111186022896, 1.0)
0.4654515170466918	-0.6181780246577543	(1.0, 0.49729382302321085, 1.0)
0.47278887408080045	-0.5902318837412761	(1.0, 0.4916716840633751, 1.0)
0.4971918662373779	-0.6097679021367464	(1.0, 0.4800556974066618, 1.0)
0.47879842745890067	-0.5832391000030063	(1.0, 0.4880704078109512, 1.0)
0.4585366043575303	-0.7505800620274675	(1.0, 0.50978758315149, 1.0)
0.45232672341858854	-0.7724021712755251	(1.0, 0.5143690815272415, 1.0)
0.46986526175645194	-0.7098589215137269	(1.0, 0.5012713792131863, 1.0)
0.4780148343487845	-0.6781762328212475	(1.0, 0.4949004673526958, 1.0)
0.4900066599807768	-0.5874603567349872	(1.0, 0.48240520279202775, 1.0)
0.4559670653187197	-0.4991511774935179	(1.0, 0.49458815775738213, 1.0)
0.48928847273798937	-0.6806570949544025	(1.0, 0.48919851032440426, 1.0)
0.4720187075018139	-0.7140112851510414	(1.0, 0.5004689170340714, 1.0)
0.4694885579802841	-0.7339080641281991	(1.0, 0.503148237837086, 1.0)
0.4605306232271668	-0.688771566408699	(1.0, 0.5045208231548378, 1.0)
0.47049155281433575	-0.6222642549464399	(1.0, 0.49497948902524375, 1.0)
0.47124410790352916	-0.6276588877337733	(1.0, 0.4949520887435895, 1.0)
0.46762662980487646	-0.6213628467435376	(1.0, 0.49639143380370715, 1.0)
0.4848557718452401	-0.5675023217485603	(1.0, 0.483827721932156, 1.0)
0.46531714062458807	-0.6372059619800033	(1.0, 0.4986256327499126, 1.0)
0.461317820076816	-0.6379796138891808	(1.0, 0.5007071903097139, 1.0)
0.4569284012925237	-0.6979960236851188	(1.0, 0.5069475708134344, 1.0)
0.46069069914553556	-0.7008973050479123	(1.0, 0.5052697666590669, 1.0)
0.4801228932443123	-0.7364187246023526	(1.0, 0.4979191047539508, 1.0)
0.48472622431737467	-0.687038212655684	(1.0, 0.4920365820349037, 1.0)
0.4933236511953542	-0.5821033272083088	(1.0, 0.4802630784761079, 1.0)
0.4650773736996541	-0.600339680171939	(1.0, 0.49631290904656306, 1.0)
0.4589099565676325	-0.7090966159708648	(1.0, 0.5067213430780998, 1.0)
0.4615366737455378	-0.6506145424541073	(1.0, 0.5014386151683737, 1.0)
0.4757683981806423	-0.6892842176508112	(1.0, 0.4968282097378532, 1.0)
0.4941008558514428	-0.62900483074421	(1.0, 0.48304207871874244, 1.0)
0.4629862494165978	-0.5448723821461681	(1.0, 0.493820334409172, 1.0)
0.4904205639857883	-0.5618117450647904	(1.0, 0.4804722905640411, 1.0)
0.48155510098712845	-0.43380344732403925	(1.0, 0.47712823099349494, 1.0)
0.4776910659671165	-0.49351151675238436	(1.0, 0.48288730055503276, 1.0)
0.4808380027235763	-0.5814818336038422	(1.0, 0.4868802903782941, 1.0)
0.4778490504815397	-0.5876764391341789	(1.0, 0.4888617256754037, 1.0)
0.4764629457802637	-0.6223814037183237	(1.0, 0.49189715156381814, 1.0)
0.467985138425569	-0.6188105760917041	(1.0, 0.49603829133316407, 1.0)
0.4940903004097142	-0.6009511959183667	(1.0, 0.4811251228984888, 1.0)
0.48308135751337605	-0.5383194702028246	(1.0, 0.48286695892107806, 1.0)
0.47215803700403836	-0.622465176367024	(1.0, 0.49413358549827974, 1.0)
0.4609600638857033	-0.6448921456478103	(1.0, 0.5013478394783484, 1.0)
0.4686228263027707	-0.7733601735091226	(1.0, 0.506391846448521, 1.0)
0.4764230601418243	-0.7891907716707854	(1.0, 0.503620371763772, 1.0)
0.47457864653059884	-0.4973105620116435	(1.0, 0.4847774737939908, 1.0)
0.46847108114229014	-0.5150064349080994	(1.0, 0.4890960546183695, 1.0)
0.4685201527115195	-0.49821111420230624	(1.0, 0.48802386921191737, 1.0)
0.48754166501415946	-0.5273775004992993	(1.0, 0.479767460572651, 1.0)
0.4620185550076957	-0.7685287543817841	(1.0, 0.5093329599976232, 1.0)
0.4520752750608145	-0.7743509575906009	(1.0, 0.5146288713696172, 1.0)
0.4773373117870893	-0.5601249695818671	(1.0, 0.4873253628172965, 1.0)
0.46557131520392	-0.5723380661486972	(1.0, 0.4942417625274545, 1.0)
0.4767907538570087	-0.577597957491344	(1.0, 0.4887533683239536, 1.0)
0.48363729103960507	-0.5628129501641218	(1.0, 0.4841676189581519, 1.0)
0.4953356571874655	-0.5777402749940861	(1.0, 0.4788825693673246, 1.0)
0.473644919418909	-0.549623559385974	(1.0, 0.4885856621688239, 1.0)
0.47990553144507747	-0.6289197970263887	(1.0, 0.49054354515526494, 1.0)
0.4920245555729857	-0.5808010698477866	(1.0, 0.48087519646744276, 1.0)
0.4710930564760398	-0.5987497917153842	(1.0, 0.4931113436919537, 1.0)
0.4774586595168384	-0.610542130309023	(1.0, 0.49058510818159956, 1.0)
0.4574882109910027	-0.5849280323480013	(1.0, 0.4991826685957818, 1.0)
0.46495526494558714	-0.541609883465235	(1.0, 0.49259776757232426, 1.0)
0.46067141699628916	-0.6232211111100676	(1.0, 0.5000586191703713, 1.0)
0.4761675839608986	-0.5924810222368552	(1.0, 0.49005922278074937, 1.0)
0.4789977068558853	-0.6195928400101512	(1.0, 0.49038828085665714, 1.0)
0.49133931488511967	-0.6109559367879185	(1.0, 0.483281383497346, 1.0)
0.46851788264503585	-0.5756534238940899	(1.0, 0.492935080575524, 1.0)
0.48106598824484725	-0.5663776983142303	(1.0, 0.4857656222660118, 1.0)
0.47286589789122874	-0.5768217838005097	(1.0, 0.4907539213520455, 1.0)
0.48799763124234136	-0.550506814698867	(1.0, 0.4810295891321113, 1.0)
0.4685107975916445	-0.5842402511011962	(1.0, 0.4934964378326316, 1.0)
0.4824503363154292	-0.533017864040736	(1.0, 0.48286112866633507, 1.0)
0.47802552923714636	-0.5992208306697774	(1.0, 0.4895341701614489, 1.0)
0.4743476671226585	-0.6274507186333018	(1.0, 0.4933353168149334, 1.0)
0.48168164720680695	-0.615704698186549	(1.0, 0.48872028849558674, 1.0)
0.47008865117697773	-0.5791977867121137	(1.0, 0.492351847641821, 1.0)
0.47660525490285977	-0.568899907978705	(1.0, 0.4882816717570065, 1.0)
0.4853841700329202	-0.5853399163101828	(1.0, 0.4847291117456713, 1.0)
0.4789811321168937	-0.563072427214201	(1.0, 0.4866510511403647, 1.0)
0.4683581353789103	-0.5949278494829867	(1.0, 0.4942729716649123, 1.0)
0.484775882682314	-0.5718690319354754	(1.0, 0.4841585349307797, 1.0)
0.45663207605774625	-0.6112505420602706	(1.0, 0.5013169871281232, 1.0)
0.47759278066360283	-0.6101390770588563	(1.0, 0.490488149757034, 1.0)
0.4773448353622998	-0.620059355158674	(1.0, 0.4912821083927676, 1.0)
0.46249499280264245	-0.6020206538005105	(1.0, 0.49774249866248393, 1.0)
0.47108734122429863	-0.6374874585691496	(1.0, 0.49569192490652086, 1.0)
0.45605894119877155	-0.7412287323716187	(1.0, 0.5103567769687749, 1.0)
0.45166067412551153	-0.7880755061835237	(1.0, 0.5158005589645698, 1.0)
0.48188988705025737	-0.5654062711866633	(1.0, 0.48526557799189635, 1.0)
0.4732112610015475	-0.5796379624535237	(1.0, 0.490757825642338, 1.0)
0.474500259422132	-0.5917914066197912	(1.0, 0.49088369019180017, 1.0)
0.4804961690317691	-0.5786621922646763	(1.0, 0.4868744875884157, 1.0)
0.4763342562861778	-0.5857784677852794	(1.0, 0.4895300286137561, 1.0)
0.4743552486401492	-0.5986116269704607	(1.0, 0.4914094023720926, 1.0)
0.4621430980708404	-0.5921759847545187	(1.0, 0.4972817770919566, 1.0)
0.4851656903319168	-0.5884428829603144	(1.0, 0.48505208120339854, 1.0)
0.478518155131824	-0.572013452652682	(1.0, 0.48747973303750497, 1.0)
0.48191072615179226	-0.5985245511940087	(1.0, 0.48744697383948116, 1.0)
0.48968232434890085	-0.606589698914667	(1.0, 0.4838693368926323, 1.0)
0.46869309356921857	-0.5608063748709136	(1.0, 0.4918861718594047, 1.0)
0.49943762346901455	-0.5694320933886476	(1.0, 0.4760925490885191, 1.0)
0.46755631770027645	-0.6034049577091426	(1.0, 0.4952417401118567, 1.0)
0.4783664673799155	-0.6013726093868061	(1.0, 0.48949881927169386, 1.0)
0.47483582770209964	-0.5624219998368872	(1.0, 0.48878819952967895, 1.0)
0.4727155074434779	-0.6252697577997118	(1.0, 0.4940332032145421, 1.0)
0.4695726836177049	-0.6445092335541455	(1.0, 0.4969417172001422, 1.0)
0.48150099178075895	-0.6046192623596202	(1.0, 0.48807041492268083, 1.0)
0.4787351795766323	-0.6037361771247277	(1.0, 0.4894632432354618, 1.0)
0.451610747648761	-0.5882827971642935	(1.0, 0.5023635449881674, 1.0)
0.47748660877932264	-0.6021530046368162	(1.0, 0.49001110423578803, 1.0)
0.48030903714239037	-0.5732398427824126	(1.0, 0.48661619731007993, 1.0)
0.4926588991654906	-0.5751795559507528	(1.0, 0.48015682249227404, 1.0)
0.48310406264254746	-0.5723945621829813	(1.0, 0.48508144350082544, 1.0)
0.4842411550752549	-0.6009714252856602	(1.0, 0.4863803717905025, 1.0)
0.4784584125285165	-0.5698520447957555	(1.0, 0.487369625000786, 1.0)
0.48666612170777673	-0.5988222222988361	(1.0, 0.48495047788467766, 1.0)
0.48157008245708127	-0.6036653815875688	(1.0, 0.48797017961842754, 1.0)
0.47406202589374996	-0.5431275699313532	(1.0, 0.4879498572898891, 1.0)
0.48913411725615885	-0.5932534188040873	(1.0, 0.4832611779576163, 1.0)
0.4849686097984395	-0.5327901581312302	(1.0, 0.48150010125206405, 1.0)
0.47086397082834464	-0.5900384876824234	(1.0, 0.4926578084721645, 1.0)
0.4683142395195136	-0.6054899032390011	(1.0, 0.4949890764638624, 1.0)
0.46932226326104404	-0.6053202532229802	(1.0, 0.4944587899417458, 1.0)
0.4770111660305097	-0.5975223974215712	(1.0, 0.48995205553317805, 1.0)
0.4739685709181037	-0.5795942783947878	(1.0, 0.49036015019775675, 1.0)
0.4775437345699535	-0.5889936758924625	(1.0, 0.48910877794101465, 1.0)
0.4800647636727076	-0.5902438584485712	(1.0, 0.48786782403235546, 1.0)
0.4818131134677747	-0.573311374873904	(1.0, 0.4858259095886723, 1.0)
0.4788908275317766	-0.5554104571387997	(1.0, 0.486199841778094, 1.0)
0.5003984263480168	-0.5679978253120113	(1.0, 0.4754706020205927, 1.0)
